,index,class,gazex,gazey,fps
0,0,1,581.875,472.5,22.643761809642065
1,1,1,581.875,472.5,18.693026945600728
2,2,1,581.875,472.5,15.322833897760194
3,3,1,581.875,472.5,7.628379005108861
4,4,1,581.875,472.5,23.54049412372176
5,5,1,581.875,472.5,18.58361800451043
6,6,1,581.875,472.5,11.83851783693158
7,7,1,598.5,472.5,23.65693722962036
8,8,1,598.5,459.375,23.68365359096992
9,9,1,598.5,472.5,22.026825195097103
10,10,1,598.5,472.5,8.032003125245357
11,11,1,598.5,472.5,22.90630068757612
12,12,1,598.5,485.625,23.43553181503252
13,13,1,598.5,485.625,22.46727910651633
14,14,1,598.5,485.625,8.031280277876709
15,15,1,598.5,485.625,23.275826859045505
16,16,1,598.5,485.625,23.755013734318805
17,17,1,598.5,485.625,10.943841860683564
18,18,1,598.5,485.625,20.060665483712054
19,19,1,598.5,472.5,23.58642950733016
20,20,1,598.5,472.5,22.3360279473006
21,21,1,598.5,485.625,8.136332863242309
22,22,1,598.5,485.625,22.38060274908221
23,23,1,598.5,485.625,23.42022123078469
24,24,1,598.5,485.625,12.01424188868297
25,25,1,598.5,485.625,22.62824711232918
26,26,1,598.5,485.625,21.01565287102916
27,27,1,598.5,485.625,22.46908448063428
28,28,1,581.875,472.5,8.18303382426677
29,29,1,598.5,472.5,21.97719651240778
30,30,1,598.5,472.5,21.60564570133416
31,31,1,598.5,472.5,19.77726957661604
32,32,1,598.5,485.625,8.105436471433983
33,33,1,598.5,485.625,22.570043317997147
34,34,1,598.5,485.625,21.83032498490621
35,35,1,598.5,485.625,11.836112482891933
36,36,1,598.5,485.625,21.576525782954032
37,37,1,598.5,485.625,20.583217599976443
38,38,1,598.5,485.625,20.888904383164583
39,39,1,598.5,485.625,8.168913247131641
40,40,1,598.5,485.625,23.0434739612234
41,41,1,598.5,485.625,22.37212701155863
42,42,1,598.5,485.625,23.023741169108487
43,43,1,598.5,485.625,7.98963746361683
44,44,1,598.5,485.625,15.59876081774128
45,45,1,598.5,485.625,23.089394731771765
46,46,1,598.5,485.625,11.940637072506926
47,47,1,598.5,485.625,20.64369807457573
48,48,1,598.5,485.625,21.217108025393934
49,49,1,598.5,485.625,22.094820683551774
50,50,1,598.5,485.625,8.189984496002937
51,51,1,598.5,485.625,22.106232936637607
52,52,1,598.5,485.625,22.825647332847176
53,53,1,598.5,485.625,22.29269666803085
54,54,1,598.5,472.5,7.943140778841037
55,55,1,598.5,485.625,22.22477506597005
56,56,1,598.5,472.5,23.24164796497936
57,57,1,598.5,472.5,11.790430035587988
58,58,1,598.5,485.625,22.736189335255887
59,59,1,598.5,472.5,22.76173007000597
60,60,1,598.5,485.625,22.61494829240939
61,61,1,598.5,485.625,8.123238059085786
62,62,1,598.5,485.625,23.202819098618665
63,63,1,598.5,472.5,22.65770651915556
64,64,1,598.5,472.5,11.783672620820246
65,65,1,598.5,472.5,22.62861335606461
66,66,1,598.5,472.5,22.54699099583389
67,67,1,598.5,472.5,22.50646061386564
68,68,1,598.5,472.5,8.087587975550028
69,69,1,598.5,472.5,21.351686783174426
70,70,1,598.5,472.5,22.86621453649388
71,71,1,598.5,472.5,22.43123245180095
72,72,1,598.5,472.5,7.915707785479862
73,73,1,598.5,472.5,22.316418990460075
74,74,1,598.5,472.5,22.955193003387752
75,75,1,598.5,472.5,11.156013277725764
76,76,1,598.5,472.5,21.690449964058725
77,77,1,598.5,472.5,21.677670103625605
78,78,1,598.5,472.5,22.709107348792887
79,79,1,598.5,472.5,8.149580795274597
80,80,1,598.5,472.5,22.75333355032604
81,81,1,598.5,472.5,22.46415047854705
82,82,1,598.5,472.5,22.48064574913975
83,83,1,598.5,472.5,7.95154346206418
84,84,1,581.875,472.5,21.973051696318183
85,85,1,598.5,472.5,22.564336514563003
86,86,1,598.5,472.5,11.732384516836458
87,87,1,598.5,472.5,22.29838542469657
88,88,1,598.5,472.5,22.252248141801378
89,89,1,598.5,472.5,22.31119574873265
90,90,1,598.5,472.5,8.119542597407122
91,91,1,598.5,472.5,22.22406850069942
92,92,1,598.5,472.5,22.45428897228483
93,93,1,598.5,472.5,22.38215534032392
94,94,1,598.5,472.5,7.950111642259533
95,95,1,598.5,472.5,23.26317540959966
96,96,1,598.5,472.5,23.30388981181556
97,97,1,598.5,472.5,11.86527635546855
98,98,1,598.5,472.5,22.77483112877653
99,99,1,598.5,472.5,22.910679951057507
100,100,1,598.5,472.5,22.646573833602403
101,101,1,598.5,472.5,8.163173792545075
102,102,1,598.5,472.5,22.97392752289558
103,103,1,598.5,472.5,22.91017937905569
104,104,1,598.5,472.5,11.88710056823818
105,105,1,598.5,472.5,23.48723806963904
106,106,1,598.5,472.5,23.65720409487013
107,107,1,598.5,472.5,24.25140068574336
108,108,1,598.5,472.5,8.654276995198607
109,109,1,598.5,472.5,24.38307841666812
110,110,1,598.5,472.5,24.11656067802068
111,111,1,598.5,472.5,24.26922186733324
112,112,1,598.5,472.5,8.377148061451933
113,113,1,598.5,472.5,24.255327515715088
114,114,1,598.5,472.5,23.862049347738274
115,115,1,598.5,472.5,12.170137448170404
116,116,1,598.5,472.5,23.691546447655305
117,117,1,598.5,472.5,23.53494635722943
118,118,1,598.5,472.5,23.52003319706834
119,119,1,581.875,472.5,8.241934533049845
120,120,1,581.875,472.5,23.840754845677257
121,121,1,581.875,472.5,23.36685645522513
122,122,1,581.875,472.5,23.49236861414033
123,123,1,581.875,472.5,8.257251640896616
124,124,1,581.875,472.5,23.05512711282121
125,125,1,581.875,472.5,22.82825621962304
126,126,1,581.875,472.5,11.923698409720208
127,127,1,581.875,472.5,22.744203197188902
128,128,1,581.875,472.5,22.99218848500464
129,129,1,581.875,472.5,22.84753074987199
130,130,1,598.5,472.5,8.143062105277464
131,131,1,581.875,472.5,23.03132670374987
132,132,1,598.5,472.5,23.087615388426205
133,133,1,598.5,472.5,22.763953715563467
134,134,1,598.5,472.5,8.208191941133878
135,135,1,598.5,472.5,23.01527655838455
136,136,1,598.5,459.375,23.07351743866212
137,137,1,598.5,459.375,11.899646214036252
138,138,1,598.5,459.375,23.09053874018696
139,139,1,598.5,459.375,22.78596651346741
140,140,1,598.5,459.375,22.96801467568381
141,141,1,598.5,459.375,8.188241724989506
142,142,1,598.5,459.375,23.089648946067506
143,143,1,598.5,459.375,22.886427378782752
144,144,1,598.5,459.375,8.226561197531034
145,145,1,598.5,459.375,23.012119715798427
146,146,1,598.5,459.375,23.01060473894128
147,147,1,598.5,459.375,23.257628603589865
148,148,1,598.5,459.375,8.189089034757176
149,149,1,598.5,459.375,22.98588832320398
150,150,1,598.5,459.375,23.13269172434713
151,151,1,598.5,459.375,23.00164520587009
152,152,1,598.5,459.375,8.203776906301037
153,153,1,598.5,459.375,23.10720326143845
154,154,1,598.5,459.375,23.34591643057125
155,155,1,598.5,446.25,23.032591445500625
156,156,1,598.5,459.375,8.238745224368733
157,157,1,598.5,459.375,23.106948660456045
158,158,1,598.5,459.375,23.150822694330834
159,159,1,598.5,459.375,12.008841348191076
160,160,1,581.875,459.375,22.93209987916961
161,161,1,598.5,459.375,23.02386755374042
162,162,1,598.5,472.5,23.073898237950896
163,163,1,598.5,472.5,8.209927145603094
164,164,1,598.5,459.375,23.0655235560346
165,165,1,598.5,459.375,22.962859145059564
166,166,1,598.5,459.375,23.07719902503976
167,167,1,598.5,459.375,8.24415393475522
168,168,1,598.5,459.375,22.6774296450488
169,169,1,598.5,459.375,21.204986905833223
170,170,1,581.875,446.25,11.738097636878576
171,171,1,581.875,446.25,0.2509663809004612
172,172,1,565.25,433.125,20.25607541629641
173,173,1,565.25,433.125,20.11367189373232
174,174,1,548.625,433.125,11.871153263764471
175,175,1,515.375,433.125,17.190615931931077
176,176,1,432.25,420.0,20.927154432602883
177,177,1,432.25,420.0,21.053206440991044
178,178,1,415.625,406.875,8.030050198535015
179,179,1,415.625,406.875,23.58218588882205
180,180,1,415.625,420.0,23.15746931609256
181,181,1,415.625,420.0,11.659427078265946
182,182,1,415.625,420.0,22.873696610095543
183,183,1,415.625,406.875,23.36933011661532
184,184,1,415.625,406.875,23.05107250614156
185,185,1,415.625,406.875,8.064650970514435
186,186,1,415.625,393.75,23.748019726300413
187,187,1,415.625,393.75,23.26201423128331
188,188,1,415.625,393.75,11.797361115408307
189,189,1,432.25,393.75,22.7936438927896
190,190,1,432.25,380.625,22.927211107466928
191,191,1,515.375,446.25,23.0434739612234
192,192,1,448.875,367.5,8.075706669387896
193,193,1,448.875,367.5,22.657216940363007
194,194,1,498.75,459.375,22.91593727804185
195,195,1,448.875,367.5,23.141753658052128
196,196,1,448.875,367.5,8.135464874951024
197,197,1,448.875,367.5,22.437712310959657
198,198,1,448.875,367.5,22.75012475320561
199,199,1,448.875,367.5,11.777551266823352
200,200,1,448.875,367.5,22.69939819024116
201,201,1,448.875,367.5,21.71178324990553
202,202,1,432.25,380.625,20.97665928152397
203,203,1,432.25,380.625,8.16390468738443
204,204,1,432.25,380.625,21.816698916006075
205,205,1,415.625,380.625,22.4630676949443
206,206,1,415.625,380.625,22.271626178149475
207,207,1,415.625,380.625,8.19120007811737
208,208,1,432.25,380.625,20.65711865408483
209,209,1,415.625,380.625,22.28286670562609
210,210,1,415.625,380.625,11.826400794008842
211,211,1,415.625,393.75,22.991180227044747
212,212,1,415.625,393.75,22.511292400171747
213,213,1,415.625,393.75,21.379221758943043
214,214,1,415.625,393.75,8.007804848246487
215,215,1,415.625,393.75,20.326558304982893
216,216,1,415.625,393.75,21.045600513808605
217,217,1,415.625,393.75,7.9446904750179
218,218,1,415.625,393.75,22.809262260313456
219,219,1,415.625,393.75,19.04424264438794
220,220,1,415.625,393.75,21.09290969529643
221,221,1,415.625,393.75,7.804474315390298
222,222,1,432.25,380.625,22.175540998514336
223,223,1,432.25,380.625,17.259800008230116
224,224,1,448.875,380.625,22.149309534496872
225,225,1,448.875,380.625,7.792367229098313
226,226,1,448.875,380.625,21.864578717725497
227,227,1,448.875,380.625,22.00648498903428
228,228,1,515.375,446.25,7.743568725191544
229,229,1,515.375,446.25,22.564457905864504
230,230,1,482.125,420.0,21.88956850301652
231,231,1,515.375,446.25,20.68574641330025
232,232,1,515.375,446.25,7.794597326910783
233,233,1,532.0,433.125,22.112293206524605
234,234,1,548.625,433.125,19.25759412304867
235,235,1,548.625,433.125,22.15176609768464
236,236,1,548.625,433.125,7.945894539819421
237,237,1,548.625,433.125,20.34203570510551
238,238,1,548.625,433.125,21.084639088710933
239,239,1,548.625,433.125,7.983128916093765
240,240,1,565.25,446.25,23.20898190007692
241,241,1,548.625,433.125,20.44197074777879
242,242,1,565.25,446.25,21.89951181307924
243,243,1,565.25,446.25,6.822103052808099
244,244,1,548.625,433.125,22.5273730174502
245,245,1,548.625,433.125,22.201482108829133
246,246,1,548.625,459.375,21.88499989564419
247,247,1,515.375,446.25,7.630877159787428
248,248,1,548.625,459.375,21.71391888673756
249,249,1,515.375,446.25,19.85478747828392
250,250,1,548.625,446.25,7.875547577515195
251,251,1,565.25,446.25,21.27241835766923
252,252,1,548.625,446.25,18.709370065393298
253,253,1,548.625,446.25,21.48501178157976
254,254,1,548.625,433.125,8.083130338256606
255,255,1,548.625,433.125,20.41719320449788
256,256,1,548.625,433.125,21.98341666928729
257,257,1,548.625,446.25,22.726580152258133
258,258,1,548.625,459.375,8.068870920888859
259,259,1,548.625,446.25,18.95079656253671
260,260,1,565.25,459.375,21.95763750013088
261,261,1,565.25,459.375,8.118191055927069
262,262,1,565.25,472.5,22.5416592769349
263,263,1,581.875,459.375,19.647660626955723
264,264,1,581.875,459.375,22.73705209519163
265,265,1,581.875,446.25,7.916230682701817
266,266,1,598.5,433.125,22.20336255452505
267,267,1,615.125,446.25,22.72264027260858
268,268,1,598.5,459.375,22.950796708107163
269,269,1,598.5,459.375,7.991738277156412
270,270,1,598.5,446.25,21.1409648331376
271,271,1,615.125,446.25,22.86110460077724
272,272,1,615.125,446.25,8.098065602319965
273,273,1,598.5,459.375,22.33091441501397
274,274,1,598.5,459.375,21.75130425763626
275,275,1,615.125,459.375,22.432912055880323
276,276,1,615.125,446.25,7.979392818686483
277,277,1,615.125,446.25,22.884679179397644
278,278,1,615.125,420.0,23.006439580933574
279,279,1,615.125,420.0,22.59630749007375
280,280,1,615.125,420.0,7.915662968932237
281,281,1,615.125,420.0,22.71685605034825
282,282,1,598.5,420.0,21.399619385813192
283,283,1,598.5,420.0,8.006154022352234
284,284,1,598.5,433.125,22.838449014707244
285,285,1,598.5,446.25,22.772976289370668
286,286,1,615.125,433.125,23.42218300814189
287,287,1,598.5,433.125,8.319275160809811
288,288,1,615.125,433.125,23.877943252721227
289,289,1,615.125,446.25,23.99761986497311
290,290,1,615.125,433.125,23.96950595765352
291,291,1,615.125,433.125,8.342258412261476
292,292,1,615.125,446.25,23.538644577637104
293,293,1,615.125,446.25,23.21758961982153
294,294,1,598.5,446.25,8.232341690039666
295,295,1,615.125,446.25,23.312438513314472
296,296,1,615.125,446.25,23.56800737219469
297,297,1,615.125,446.25,22.581587164854096
298,298,1,615.125,446.25,8.15211513979456
299,299,1,615.125,446.25,22.71402654651597
300,300,1,648.375,433.125,22.967763132676584
301,301,1,648.375,420.0,23.323457449174786
302,302,1,648.375,420.0,8.19132805512048
303,303,1,648.375,393.75,22.7811398434657
304,304,1,681.625,380.625,22.945146802190408
305,305,1,681.625,380.625,8.154333984621815
306,306,1,681.625,380.625,22.998996539982123
307,307,1,681.625,380.625,22.82415680811467
308,308,1,681.625,380.625,22.648163547415145
309,309,1,681.625,367.5,8.112773694390716
310,310,1,648.375,380.625,22.75555555555556
311,311,1,681.625,367.5,22.64486208367302
312,312,1,681.625,367.5,22.939876065828408
313,313,1,681.625,367.5,8.13172675190725
314,314,1,681.625,367.5,23.156190823216345
315,315,1,681.625,367.5,22.69460812163515
316,316,1,665.0,380.625,22.87706514091229
317,317,1,648.375,380.625,8.173704949468572
318,318,1,648.375,380.625,23.07580242294869
319,319,1,648.375,380.625,22.911931476767435
320,320,1,648.375,380.625,11.972539941254883
321,321,1,665.0,380.625,22.74617670665308
322,322,1,648.375,393.75,23.042840975266724
323,323,1,665.0,393.75,22.86808459596648
324,324,1,681.625,393.75,8.174517389567233
325,325,1,681.625,393.75,22.957705928395104
326,326,1,648.375,420.0,22.88417974291264
327,327,1,681.625,393.75,8.198741543339347
328,328,1,681.625,393.75,23.011362202434835
329,329,1,648.375,420.0,22.92871512288988
330,330,1,648.375,420.0,23.01047849987382
331,331,1,648.375,420.0,8.133319371565308
332,332,1,648.375,420.0,23.28383794646327
333,333,1,648.375,420.0,23.003159003159
334,334,1,648.375,420.0,22.73458724050084
335,335,1,648.375,420.0,8.132578173928387
336,336,1,648.375,420.0,22.76877310504688
337,337,1,681.625,406.875,22.90730151448124
338,338,1,681.625,406.875,22.699152496509324
339,339,1,681.625,406.875,8.127157348111261
340,340,1,681.625,406.875,22.673139088599385
341,341,1,681.625,406.875,22.127224959642103
342,342,1,681.625,406.875,11.86218911382238
343,343,1,681.625,393.75,22.5920475723658
344,344,1,681.625,393.75,22.895922266499262
345,345,1,681.625,393.75,22.65281168312126
346,346,1,681.625,393.75,8.14548166331342
347,347,1,648.375,420.0,22.15761725147125
348,348,1,648.375,393.75,22.17776884762217
349,349,1,648.375,393.75,21.980766912801272
350,350,1,648.375,393.75,7.937188349793826
351,351,1,681.625,380.625,22.49016863722888
352,352,1,681.625,380.625,23.00770159078442
353,353,1,665.0,380.625,11.782514038828351
354,354,1,648.375,380.625,0.255644120416354
355,355,1,648.375,393.75,22.830120075332847
356,356,1,648.375,393.75,23.06539671366665
357,357,1,648.375,420.0,11.686195184878702
358,358,1,648.375,420.0,22.359127449517025
359,359,1,631.75,420.0,22.34221488307676
360,360,1,648.375,420.0,23.03233848603828
361,361,1,648.375,420.0,7.737968644496183
362,362,1,631.75,420.0,22.84491745597743
363,363,1,648.375,420.0,22.78200601827208
364,364,1,648.375,420.0,10.503800276975706
365,365,1,648.375,420.0,21.573862233561023
366,366,1,648.375,420.0,22.91005423947301
367,367,1,648.375,420.0,23.07719902503976
368,368,1,648.375,420.0,7.4543008411694975
369,369,1,648.375,420.0,23.17512694562473
370,370,1,648.375,420.0,23.586296871133904
371,371,1,631.75,420.0,10.879178284721233
372,372,1,648.375,420.0,20.508740275679298
373,373,1,648.375,393.75,21.298234923730018
374,374,1,648.375,393.75,22.96499652319603
375,375,1,648.375,393.75,7.776028061380562
376,376,1,648.375,393.75,22.96927247337149
377,377,1,648.375,393.75,21.80059669220454
378,378,1,648.375,393.75,22.560088641705708
379,379,1,648.375,420.0,8.09886307464162
380,380,1,648.375,420.0,22.76914391183975
381,381,1,648.375,420.0,22.53911548175613
382,382,1,648.375,420.0,11.885955242448544
383,383,1,648.375,393.75,22.51866486988548
384,384,1,648.375,393.75,22.39781271360219
385,385,1,648.375,393.75,22.06007436977663
386,386,1,648.375,380.625,8.030219312100936
387,387,1,648.375,393.75,22.821797208694942
388,388,1,648.375,393.75,21.096092425774195
389,389,1,648.375,420.0,21.603531308428064
390,390,1,648.375,393.75,7.987841991597567
391,391,1,648.375,393.75,22.0680830465848
392,392,1,648.375,393.75,23.04309416547632
393,393,1,648.375,393.75,11.8990723141082
394,394,1,648.375,393.75,23.57476322963213
395,395,1,648.375,393.75,21.518741598858984
396,396,1,648.375,420.0,21.687197518097207
397,397,1,648.375,393.75,8.01685060380056
398,398,1,648.375,420.0,23.1760233401114
399,399,1,648.375,420.0,23.13269172434713
400,400,1,648.375,393.75,7.989059172657074
401,401,1,648.375,420.0,23.5342860830093
402,402,1,648.375,420.0,21.877465861317145
403,403,1,648.375,393.75,22.040830911680164
404,404,1,648.375,393.75,8.067846556602595
405,405,1,648.375,420.0,21.50881007569076
406,406,1,648.375,420.0,21.527577322233284
407,407,1,648.375,420.0,21.63573712988755
408,408,1,648.375,393.75,8.063395146933864
409,409,1,648.375,393.75,23.262659316036427
410,410,1,648.375,420.0,19.9979212060819
411,411,1,648.375,420.0,8.003633241102948
412,412,1,648.375,420.0,23.8076003973322
413,413,1,648.375,420.0,22.868957395068865
414,414,1,648.375,420.0,22.6473075199378
415,415,1,648.375,393.75,7.999191365924084
416,416,1,648.375,420.0,22.503079597398973
417,417,1,648.375,420.0,21.64332892998679
418,418,1,648.375,393.75,21.29045095531055
419,419,1,648.375,393.75,7.913542232687315
420,420,1,648.375,393.75,23.36477377808973
421,421,1,648.375,393.75,22.679882120745127
422,422,1,648.375,393.75,8.056781401209774
423,423,1,648.375,380.625,23.42885551018584
424,424,1,648.375,393.75,23.023741169108487
425,425,1,648.375,393.75,22.768649505466467
426,426,1,648.375,393.75,7.860654969620414
427,427,1,648.375,393.75,21.484351469578847
428,428,1,648.375,380.625,21.257971161399865
429,429,1,648.375,393.75,22.0250901892004
430,430,1,648.375,393.75,8.013756524796136
431,431,1,648.375,393.75,22.80033485904391
432,432,1,648.375,393.75,22.9417581936726
433,433,1,648.375,393.75,8.029665876010576
434,434,1,648.375,393.75,23.52610175956205
435,435,1,648.375,393.75,21.446451672282706
436,436,1,648.375,393.75,21.278893618316584
437,437,1,648.375,393.75,7.627241499078941
438,438,1,648.375,393.75,23.26872486200105
439,439,1,648.375,393.75,21.597413029597742
440,440,1,648.375,393.75,21.804449989602823
441,441,1,648.375,393.75,7.906277627082222
442,442,1,648.375,393.75,22.72522566453193
443,443,1,648.375,393.75,22.308347738212376
444,444,1,648.375,420.0,8.035850245905252
445,445,1,648.375,420.0,22.6125098390175
446,446,1,648.375,420.0,22.7936438927896
447,447,1,648.375,420.0,22.069476453564853
448,448,1,648.375,420.0,7.89747954222793
449,449,1,648.375,433.125,21.536199141489863
450,450,1,648.375,433.125,21.44765800777255
451,451,1,648.375,433.125,21.29607213940453
452,452,1,665.0,433.125,7.736698325681432
453,453,1,665.0,433.125,21.59218742760655
454,454,1,648.375,446.25,22.618241038832178
455,455,1,648.375,446.25,7.983432817639176
456,456,1,648.375,446.25,21.61744938770461
457,457,1,648.375,446.25,21.75130425763626
458,458,1,648.375,446.25,22.86933147222237
459,459,1,648.375,446.25,8.137311544871284
460,460,1,648.375,446.25,22.687242731575388
461,461,1,648.375,446.25,21.438011122015048
462,462,1,648.375,446.25,23.188195553983004
463,463,1,648.375,446.25,8.013266592793551
464,464,1,648.375,446.25,23.45505891300336
465,465,1,648.375,446.25,24.116976684012304
466,466,1,648.375,446.25,8.623193351946348
467,467,1,648.375,446.25,24.036263818130763
468,468,1,648.375,446.25,24.076414401175604
469,469,1,648.375,446.25,24.24593329094167
470,470,1,648.375,446.25,8.318961653040743
471,471,1,648.375,446.25,23.754879195315063
472,472,1,648.375,446.25,23.9586893935932
473,473,1,648.375,446.25,23.748019726300413
474,474,1,648.375,446.25,8.288384850389095
475,475,1,648.375,446.25,23.79922490736905
476,476,1,648.375,446.25,23.69275090521892
477,477,1,648.375,446.25,8.28072669264818
478,478,1,648.375,446.25,23.946515332309467
479,479,1,648.375,446.25,23.43435336711718
480,480,1,648.375,446.25,23.70493619233856
481,481,1,648.375,446.25,8.21367318843276
482,482,1,648.375,446.25,23.663210155148096
483,483,1,648.375,446.25,23.60474762084316
484,484,1,648.375,446.25,23.74922993295887
485,485,1,648.375,446.25,8.24091433331827
486,486,1,648.375,446.25,24.24943774752117
487,487,1,648.375,446.25,23.764300607379205
488,488,1,648.375,446.25,8.296976194903486
489,489,1,648.375,446.25,23.755282816898216
490,490,1,665.0,433.125,23.628816729386845
491,491,1,665.0,433.125,22.92921650521528
492,492,1,681.625,433.125,8.230596998816717
493,493,1,665.0,433.125,22.92119701838372
494,494,1,648.375,446.25,23.03322386846643
495,495,1,648.375,433.125,20.060761431031185
496,496,1,648.375,446.25,8.161791805719067
497,497,1,648.375,433.125,23.076818116795227
498,498,1,648.375,433.125,23.20166393769084
499,499,1,648.375,433.125,22.967008536712243
500,500,1,648.375,433.125,8.189888544359658
501,501,1,648.375,433.125,23.027912594707367
502,502,1,648.375,420.0,23.14405217794356
503,503,1,648.375,420.0,11.984855714967413
504,504,1,648.375,420.0,23.20102223131856
505,505,1,648.375,420.0,23.02235102972819
506,506,1,648.375,420.0,23.050692459881294
507,507,1,648.375,420.0,8.206007911943434
508,508,1,648.375,420.0,23.090411622542625
509,509,1,648.375,420.0,22.967008536712243
510,510,1,648.375,420.0,8.23053239482499
511,511,1,648.375,420.0,23.0835493475545
512,512,1,648.375,420.0,23.23302240046086
513,513,1,648.375,420.0,22.98324328471073
514,514,1,648.375,420.0,8.201980143807797
515,515,1,648.375,420.0,22.5708935144327
516,516,1,648.375,420.0,22.726826440101217
517,517,1,648.375,420.0,22.59435989980338
518,518,1,648.375,420.0,8.211614853448765
519,519,1,648.375,420.0,22.84205596279313
520,520,1,648.375,420.0,22.894672489082968
521,521,1,648.375,420.0,22.59874245012096
522,522,1,648.375,420.0,8.183001894401274
523,523,1,648.375,420.0,22.74864407515078
524,524,1,648.375,420.0,22.724856286808727
525,525,1,648.375,420.0,11.152275760847022
526,526,1,648.375,420.0,20.69779170470528
527,527,1,648.375,420.0,21.35636163669321
528,528,1,631.75,420.0,22.15071321816924
529,529,1,648.375,420.0,8.035834850081425
530,530,1,648.375,420.0,22.9919364122242
531,531,1,648.375,420.0,23.51159518590976
532,532,1,648.375,420.0,22.93699073618357
533,533,1,648.375,420.0,8.135654238419074
534,534,1,648.375,420.0,22.454649606509985
535,535,1,648.375,420.0,22.33150889149185
536,536,1,648.375,420.0,11.54946580019826
537,537,1,648.375,420.0,0.2560007031269312
538,538,1,648.375,433.125,22.597037922990307
539,539,1,648.375,433.125,21.85147906181947
540,540,1,648.375,420.0,11.258697747081513
541,541,1,648.375,420.0,22.79153829016079
542,542,1,648.375,420.0,20.433406246498464
543,543,1,648.375,420.0,21.41196410156928
544,544,1,648.375,433.125,7.988952654505698
545,545,1,648.375,433.125,22.724856286808727
546,546,1,648.375,446.25,22.76370662237997
547,547,1,665.0,433.125,11.572089943440474
548,548,1,681.625,420.0,22.45068326704956
549,549,1,681.625,420.0,22.497889299526367
550,550,1,681.625,420.0,22.541901573089262
551,551,1,681.625,420.0,7.9940839680107345
552,552,1,681.625,420.0,22.68699730090817
553,553,1,681.625,420.0,22.574780942539128
554,554,1,665.0,420.0,11.472698925025302
555,555,1,665.0,420.0,22.36974063861674
556,556,1,681.625,393.75,22.18433774449134
557,557,1,648.375,393.75,22.38418597700904
558,558,1,648.375,420.0,8.078724293548083
559,559,1,648.375,420.0,22.49994099155643
560,560,1,681.625,393.75,22.553537917202146
561,561,1,648.375,420.0,22.650854340829067
562,562,1,648.375,420.0,7.925924246203618
563,563,1,648.375,420.0,22.37618501427085
564,564,1,681.625,393.75,22.51781860350252
565,565,1,681.625,393.75,11.790264320028784
566,566,1,648.375,393.75,22.831859948612987
567,567,1,648.375,420.0,22.47341856253416
568,568,1,648.375,420.0,22.465113040497474
569,569,1,648.375,420.0,8.03541918513651
570,570,1,648.375,420.0,22.757407558123763
571,571,1,648.375,420.0,22.584626982203915
572,572,1,648.375,420.0,22.662113680570563
573,573,1,648.375,420.0,8.082211367074217
574,574,1,631.75,420.0,19.690736072184745
575,575,1,631.75,420.0,20.5928180755899
576,576,1,648.375,420.0,11.79384481279964
577,577,1,648.375,433.125,22.580128343167235
578,578,1,648.375,420.0,21.71729180042665
579,579,1,648.375,420.0,20.7014693325568
580,580,1,648.375,393.75,7.7456422378371395
581,581,1,648.375,380.625,22.45128413750281
582,582,1,648.375,380.625,20.94073711643884
583,583,1,648.375,380.625,7.821516749587881
584,584,1,648.375,380.625,19.888963705509138
585,585,1,665.0,380.625,20.83091134839831
586,586,1,681.625,380.625,21.404752184208377
587,587,1,681.625,393.75,8.033033792221124
588,588,1,681.625,393.75,22.01849965877474
589,589,1,681.625,406.875,21.79787753744452
590,590,1,681.625,406.875,17.258734698076328
591,591,1,681.625,420.0,8.08581056592716
592,592,1,681.625,406.875,22.627270520324764
593,593,1,681.625,406.875,22.45104378546194
594,594,1,681.625,406.875,8.087556786190833
595,595,1,665.0,420.0,22.3522164074907
596,596,1,648.375,446.25,22.242335859322385
597,597,1,648.375,446.25,22.705665177967248
598,598,1,648.375,446.25,8.036989700598802
599,599,1,631.75,459.375,22.533787486434505
600,600,1,615.125,459.375,23.162968444537714
601,601,1,598.5,472.5,22.866837855666954
602,602,1,598.5,459.375,8.000198369176482
603,603,1,399.0,459.375,22.462225602082185
604,604,1,581.875,420.0,23.023993939759897
605,605,1,565.25,420.0,8.078973270437222
606,606,1,565.25,446.25,22.735449878850627
607,607,1,565.25,446.25,21.732032476515663
608,608,1,565.25,472.5,22.49969959660115
609,609,1,615.125,472.5,8.018214594998634
610,610,1,598.5,459.375,21.660094401008045
611,611,1,615.125,472.5,20.53494702622251
612,612,1,-1.0,-1.0,22.801822273928217
613,613,4,-1.0,-1.0,8.161569460741104
614,614,4,-1.0,-1.0,16.448638007168796
615,615,4,-1.0,-1.0,22.74963117243773
616,616,4,-1.0,-1.0,22.88130840611652
617,617,4,-1.0,-1.0,8.058344796846061
618,618,4,-1.0,-1.0,22.581708741836664
619,619,4,-1.0,-1.0,23.081897927512465
620,620,4,-1.0,-1.0,11.800315102408282
621,621,4,-1.0,-1.0,20.5540669012359
622,622,4,-1.0,-1.0,20.0777585769472
623,623,4,-1.0,-1.0,23.36880930227376
624,624,4,-1.0,-1.0,8.06283712865387
625,625,4,-1.0,-1.0,13.084873933850368
626,626,4,-1.0,-1.0,22.411096803150365
627,627,4,-1.0,-1.0,11.705992676609808
628,628,4,-1.0,-1.0,23.047525894991345
629,629,4,-1.0,-1.0,22.72571818684236
630,630,4,-1.0,-1.0,22.861478421069844
631,631,4,-1.0,-1.0,7.9940839680107345
632,632,4,-1.0,-1.0,23.353975845921703
633,633,4,-1.0,-1.0,20.68727681654073
634,634,4,-1.0,-1.0,20.071033099969853
635,635,4,-1.0,-1.0,7.740967680018898
636,636,4,-1.0,-1.0,23.37909968562574
637,637,4,-1.0,-1.0,19.8915104406262
638,638,4,-1.0,-1.0,11.385344535077838
639,639,4,-1.0,-1.0,22.92219914744781
640,640,4,-1.0,-1.0,18.859280575539568
641,641,4,-1.0,-1.0,17.476922051243587
642,642,4,-1.0,-1.0,8.081183612994465
643,643,4,-1.0,-1.0,23.47882356892556
644,644,4,-1.0,-1.0,23.04018281395055
645,645,4,-1.0,-1.0,22.742476657304284
646,646,4,-1.0,-1.0,7.763405433619735
647,647,4,-1.0,-1.0,23.53983353818351
648,648,4,-1.0,-1.0,21.90248513047065
649,649,4,-1.0,-1.0,11.507732998241316
650,650,4,-1.0,-1.0,23.07948473860004
651,651,4,-1.0,-1.0,17.930659461862703
652,652,4,-1.0,-1.0,22.393627301800866
653,653,4,-1.0,-1.0,8.011720637758561
654,654,4,-1.0,-1.0,23.604481937745863
655,655,4,-1.0,-1.0,23.792609736450995
656,656,4,-1.0,-1.0,12.054814678561575
657,657,4,-1.0,-1.0,24.30395707423353
658,658,4,-1.0,-1.0,24.40109372272965
659,659,4,-1.0,-1.0,24.382227957889352
660,660,4,-1.0,-1.0,8.439192519964669
661,661,4,-1.0,-1.0,24.028139644129745
662,662,4,-1.0,-1.0,23.59916953148297
663,663,4,-1.0,-1.0,23.942141165054085
664,664,4,-1.0,-1.0,8.284079485057545
665,665,4,-1.0,-1.0,23.779525237692976
666,666,4,-1.0,-1.0,23.634142493294565
667,667,4,-1.0,-1.0,12.065807680247628
668,668,4,-1.0,-1.0,23.489474185292423
669,669,4,-1.0,-1.0,23.417736784509906
670,670,4,-1.0,-1.0,23.601294207016853
671,671,4,-1.0,-1.0,8.259593154920147
672,672,4,-1.0,-1.0,23.40675923032278
673,673,4,-1.0,-1.0,23.315159870147195
674,674,4,-1.0,-1.0,23.504216891100537
675,675,4,-1.0,-1.0,8.173577522537094
676,676,4,565.25,525.0,22.996222401324623
677,677,1,581.875,498.75,22.92420366848123
678,678,1,581.875,498.75,11.963797445968572
679,679,1,598.5,498.75,22.885428375001364
680,680,1,598.5,472.5,23.02310926676108
681,681,1,581.875,472.5,22.84056329437904
682,682,1,581.875,459.375,8.174708575415673
683,683,1,565.25,446.25,23.15095047799881
684,684,1,565.25,446.25,22.801574357970733
685,685,1,581.875,446.25,8.202990725855345
686,686,1,581.875,420.0,23.06286015923987
687,687,1,581.875,420.0,22.94451920657324
688,688,1,598.5,420.0,23.046259512623973
689,689,1,598.5,420.0,8.191440038278634
690,690,1,631.75,433.125,22.88755136229448
691,691,1,631.75,459.375,22.963110580660704
692,692,1,631.75,459.375,22.66958528583551
693,693,1,631.75,459.375,8.104246209017978
694,694,1,631.75,459.375,22.75703713349393
695,695,1,648.375,472.5,22.57405194777236
696,696,1,648.375,472.5,22.65733933307764
697,697,1,648.375,472.5,8.15874355896959
698,698,1,648.375,485.625,22.92533136563636
699,699,1,648.375,485.625,22.63398629323836
700,700,1,648.375,472.5,11.922376570845447
701,701,1,648.375,472.5,22.579399003003907
702,702,1,648.375,472.5,22.56797882185825
703,703,1,631.75,485.625,22.67411964407348
704,704,1,648.375,485.625,8.181341884693182
705,705,1,648.375,472.5,22.78460493793628
706,706,1,648.375,472.5,22.65599308593961
707,707,1,648.375,459.375,22.97254339217544
708,708,1,648.375,459.375,8.222303685653962
709,709,1,648.375,459.375,23.21257837966473
710,710,1,665.0,459.375,23.297676511267504
711,711,1,665.0,459.375,12.017236637022096
712,712,1,648.375,472.5,0.2494036064572656
713,713,1,648.375,459.375,21.07213946594991
714,714,1,648.375,472.5,22.26512368616626
715,715,1,648.375,472.5,11.67581772123709
716,716,1,648.375,485.625,22.37916977910575
717,717,1,648.375,485.625,22.05462251154182
718,718,1,648.375,485.625,22.000136376272625
719,719,1,648.375,472.5,8.008095341741797
720,720,1,648.375,472.5,22.42703454176024
721,721,1,648.375,472.5,22.37511069382355
722,722,1,648.375,459.375,11.804067802334188
723,723,1,648.375,459.375,21.425636362707586
724,724,1,648.375,472.5,21.472912507039368
725,725,1,648.375,472.5,20.92464878671776
726,726,1,648.375,472.5,7.820131370176397
727,727,1,648.375,472.5,22.64608473578783
728,728,1,648.375,472.5,22.891923458973267
729,729,1,648.375,472.5,11.770643437654348
730,730,1,648.375,472.5,23.084311621123312
731,731,1,648.375,459.375,23.266401513260444
732,732,1,648.375,459.375,22.021736619378142
733,733,1,648.375,459.375,8.06001721805436
734,734,1,648.375,459.375,23.598240106223766
735,735,1,648.375,459.375,23.20718407817056
736,736,1,648.375,459.375,23.025763489736875
737,737,1,648.375,459.375,8.019395051814461
738,738,1,648.375,459.375,23.51541790944361
739,739,1,648.375,459.375,23.5505395905625
740,740,1,648.375,459.375,11.81337682053362
741,741,1,648.375,459.375,23.217718141610067
742,742,1,648.375,459.375,23.185760088446656
743,743,1,648.375,459.375,23.20371763664528
744,744,1,648.375,459.375,8.091348055149902
745,745,1,648.375,459.375,22.63545208259129
746,746,1,648.375,459.375,22.92583259998579
747,747,1,648.375,472.5,22.41732540178834
748,748,1,648.375,459.375,7.99604992498289
749,749,1,648.375,446.25,19.63551926894124
750,750,1,648.375,446.25,23.330982233248413
751,751,1,648.375,446.25,11.020705021756038
752,752,1,648.375,433.125,23.02449949771364
753,753,1,648.375,446.25,22.71537969953316
754,754,1,648.375,446.25,23.02765973800661
755,755,1,648.375,446.25,8.102805832670061
756,756,1,648.375,446.25,22.867336535473424
757,757,1,648.375,446.25,22.90304860402003
758,758,1,648.375,459.375,8.161124807126166
759,759,1,648.375,459.375,22.870703193160008
760,760,1,648.375,459.375,22.628125033718533
761,761,1,648.375,472.5,22.41121655125246
762,762,1,648.375,472.5,8.09397125825693
763,763,1,648.375,472.5,22.58000678320135
764,764,1,631.75,472.5,22.41648673493384
765,765,1,631.75,459.375,21.76225140479316
766,766,1,631.75,459.375,8.102743219225717
767,767,1,631.75,459.375,22.67877844104161
768,768,1,648.375,446.25,20.838155802861685
769,769,1,648.375,446.25,7.91682836412506
770,770,1,648.375,446.25,21.228275998198207
771,771,1,648.375,433.125,22.149309534496872
772,772,1,648.375,433.125,20.96680246944437
773,773,1,648.375,446.25,8.000442529360487
774,774,1,648.375,459.375,22.45296674589409
775,775,1,648.375,459.375,22.278250800716
776,776,1,648.375,459.375,22.15984150046229
777,777,1,648.375,459.375,7.946466598461597
778,778,1,648.375,446.25,22.57696820936817
779,779,1,648.375,446.25,22.223832988925977
780,780,1,648.375,446.25,8.049946740622032
781,781,1,648.375,459.375,22.67411964407348
782,782,1,648.375,459.375,22.310721029814623
783,783,1,648.375,459.375,22.215475553625247
784,784,1,648.375,459.375,8.000732488936364
785,785,1,648.375,459.375,22.96801467568381
786,786,1,648.375,459.375,22.77680995720833
787,787,1,648.375,459.375,22.61921685155125
788,788,1,648.375,459.375,8.071898971937078
789,789,1,665.0,446.25,23.059183146135364
790,790,1,665.0,446.25,23.1014760960564
791,791,1,648.375,446.25,8.055636328017716
792,792,1,648.375,459.375,23.122107189715432
793,793,1,665.0,459.375,22.753456983676635
794,794,1,665.0,446.25,22.98173210743756
795,795,1,665.0,459.375,8.032987637296868
796,796,1,665.0,446.25,23.1906315312227
797,797,1,665.0,446.25,22.864718709114698
798,798,1,665.0,446.25,22.58681615750389
799,799,1,665.0,459.375,8.021726324808556
800,800,1,665.0,446.25,23.361650458398778
801,801,1,665.0,446.25,23.077833900058323
802,802,1,665.0,459.375,8.159537153940281
803,803,1,665.0,459.375,23.432389550604483
804,804,1,665.0,446.25,23.60395058949324
805,805,1,665.0,446.25,22.840936443193144
806,806,1,665.0,446.25,8.1048256352088
807,807,1,665.0,446.25,23.273760376437163
808,808,1,665.0,446.25,19.85121659165022
809,809,1,665.0,446.25,22.67951421557495
810,810,1,665.0,446.25,8.079751422137377
811,811,1,665.0,446.25,22.99521378954929
812,812,1,665.0,446.25,23.11089560627266
813,813,1,665.0,446.25,8.009028121222768
814,814,1,665.0,446.25,23.59253238535052
815,815,1,665.0,446.25,23.147756309431173
816,816,1,648.375,459.375,22.99735719533726
817,817,1,665.0,446.25,8.060466412353104
818,818,1,665.0,446.25,23.040815653874464
819,819,1,665.0,459.375,22.88954982782237
820,820,1,665.0,459.375,23.282286983069664
821,821,1,665.0,459.375,8.137327331988205
822,822,1,648.375,459.375,23.146095690083328
823,823,1,648.375,459.375,22.890549191466604
824,824,1,-1.0,-1.0,23.390181743150475
825,825,1,648.375,459.375,8.126905392549133
826,826,1,648.375,459.375,22.78039746033815
827,827,1,648.375,459.375,22.738777811510605
828,828,1,665.0,459.375,11.680499935948491
829,829,1,665.0,459.375,22.56336543116897
830,830,1,648.375,459.375,22.509238637522337
831,831,1,665.0,459.375,22.73668233291593
832,832,1,665.0,459.375,8.087042196492783
833,833,1,-1.0,-1.0,23.0324649650749
834,834,4,-1.0,-1.0,22.26086956521739
835,835,4,-1.0,-1.0,11.6793940744041
836,836,4,-1.0,-1.0,23.26627245193428
837,837,4,-1.0,-1.0,22.73347823023431
838,838,4,665.0,459.375,22.363299973874053
839,839,1,665.0,459.375,8.007682541500806
840,840,1,648.375,459.375,22.22536390468268
841,841,1,665.0,459.375,22.08446669931181
842,842,1,648.375,472.5,22.144982629539285
843,843,1,648.375,459.375,8.092112980398209
844,844,1,648.375,459.375,20.939064450102343
845,845,1,648.375,459.375,21.482370777078938
846,846,1,648.375,459.375,11.874581348009864
847,847,1,-1.0,-1.0,22.346500154506803
848,848,4,-1.0,-1.0,23.448502568861706
849,849,4,-1.0,-1.0,23.630946746895635
850,850,4,-1.0,-1.0,8.478359918092933
851,851,4,648.375,446.25,23.741567373277107
852,852,1,648.375,459.375,23.77494232415244
853,853,4,-1.0,-1.0,23.7018552110352
854,854,4,-1.0,-1.0,8.31958869220943
855,855,4,-1.0,-1.0,23.703998417587385
856,856,4,-1.0,-1.0,23.54736641178518
857,857,4,-1.0,-1.0,12.051905062927418
858,858,4,-1.0,-1.0,23.638538056189592
859,859,4,-1.0,-1.0,23.36321201385872
860,860,4,-1.0,-1.0,23.607271908594587
861,861,4,-1.0,-1.0,8.241464885926666
862,862,4,-1.0,-1.0,23.52201173211301
863,863,4,-1.0,-1.0,23.37571197681547
864,864,4,-1.0,-1.0,23.79949499248163
865,865,4,-1.0,-1.0,7.54013202364345
866,866,4,-1.0,-1.0,22.91819115686403
867,867,4,-1.0,-1.0,23.26820852218197
868,868,4,-1.0,-1.0,12.09137348508435
869,869,4,-1.0,-1.0,23.27892727111269
870,870,4,-1.0,-1.0,23.44391530842668
871,871,4,-1.0,-1.0,23.29974724328528
872,872,4,-1.0,-1.0,8.244542858097603
873,873,4,-1.0,-1.0,23.34747588325995
874,874,4,-1.0,-1.0,23.41982891474773
875,875,4,-1.0,-1.0,23.28719907613041
876,876,4,-1.0,-1.0,8.212788621197406
877,877,4,-1.0,-1.0,23.47908643081057
878,878,4,-1.0,-1.0,23.491316012030445
879,879,4,-1.0,-1.0,12.087435914431538
880,880,4,-1.0,-1.0,23.43985380492793
881,881,4,-1.0,-1.0,23.30712721857322
882,882,4,-1.0,-1.0,23.471203133743703
883,883,4,-1.0,-1.0,8.246212404204202
884,884,4,-1.0,-1.0,23.52333094041637
885,885,4,-1.0,-1.0,23.308940559285112
886,886,4,-1.0,-1.0,23.34799574712068
887,887,4,-1.0,-1.0,8.238081769900381
888,888,4,-1.0,-1.0,23.485791398126423
889,889,4,-1.0,-1.0,23.35488612951724
890,890,4,-1.0,-1.0,12.05211284603493
891,891,4,-1.0,-1.0,0.247795348401948
892,892,4,-1.0,-1.0,21.58252117444864
893,893,4,-1.0,-1.0,21.96499680551337
894,894,4,-1.0,-1.0,11.699723288404892
895,895,4,-1.0,-1.0,23.09715078692028
896,896,4,-1.0,-1.0,21.83305224144752
897,897,4,-1.0,-1.0,22.72325578875513
898,898,4,-1.0,-1.0,8.13781676299793
899,899,4,-1.0,-1.0,23.120577696929608
900,900,4,-1.0,-1.0,22.82005886865544
901,901,4,-1.0,-1.0,11.623657999900232
902,902,4,-1.0,-1.0,21.28548084242578
903,903,4,-1.0,-1.0,22.78126357869123
904,904,4,-1.0,-1.0,21.730118434550143
905,905,4,-1.0,-1.0,7.933435094867095
906,906,4,-1.0,-1.0,20.47670053165261
907,907,4,-1.0,-1.0,22.503079597398973
908,908,4,-1.0,-1.0,8.057493367553747
909,909,4,-1.0,-1.0,21.30375201263708
910,910,4,-1.0,-1.0,23.344227258560043
911,911,1,-1.0,-1.0,23.136009355228392
912,912,1,631.75,459.375,7.982369263444768
913,913,1,631.75,472.5,20.50723617304232
914,914,1,648.375,472.5,22.389921528852827
915,915,1,648.375,472.5,22.86459406566689
916,916,1,665.0,472.5,8.024181761136237
917,917,1,-1.0,-1.0,21.25904863275805
918,918,2,714.875,472.5,22.885553245704497
919,919,4,-1.0,-1.0,11.728841238681678
920,920,4,-1.0,-1.0,21.311978862325653
921,921,4,-1.0,-1.0,20.92266557588032
922,922,4,-1.0,-1.0,23.00757538356893
923,923,4,-1.0,-1.0,8.073141906848008
924,924,4,-1.0,-1.0,17.529439299207596
925,925,4,-1.0,-1.0,22.220889512860587
926,926,4,-1.0,-1.0,22.9915583134168
927,927,4,-1.0,-1.0,8.066512169088304
928,928,4,-1.0,-1.0,21.71841633785897
929,929,4,-1.0,-1.0,14.274496991478124
930,930,4,-1.0,-1.0,11.800547501216826
931,931,4,-1.0,-1.0,22.296607376378155
932,932,4,-1.0,-1.0,22.585113428929898
933,933,4,-1.0,-1.0,22.33353034829049
934,934,4,-1.0,-1.0,8.102164090736116
935,935,4,-1.0,-1.0,22.702961347139603
936,936,4,-1.0,-1.0,22.49800997693504
937,937,4,-1.0,-1.0,22.498734068574866
938,938,4,-1.0,-1.0,8.108570412242782
939,939,4,-1.0,-1.0,23.25350246433779
940,940,4,-1.0,-1.0,22.027982017562287
941,941,4,-1.0,-1.0,11.42189882793778
942,942,4,-1.0,-1.0,23.46398142709295
943,943,4,-1.0,-1.0,22.395660020717425
944,944,4,-1.0,-1.0,21.72482842565975
945,945,4,-1.0,-1.0,7.852854831945359
946,946,4,-1.0,-1.0,21.267888019552466
947,947,4,-1.0,-1.0,21.01638999263428
948,948,4,-1.0,-1.0,8.07410544471737
949,949,4,-1.0,-1.0,23.32838693171073
950,950,4,-1.0,-1.0,18.99060952087729
951,951,4,-1.0,-1.0,22.0468553707062
952,952,4,-1.0,-1.0,7.883289164552203
953,953,4,-1.0,-1.0,23.26872486200105
954,954,4,-1.0,-1.0,22.11800688698697
955,955,4,-1.0,-1.0,21.433300458375705
956,956,4,-1.0,-1.0,7.942358637588455
957,957,4,-1.0,-1.0,20.65579615575922
958,958,4,-1.0,-1.0,17.916030566958128
959,959,4,-1.0,-1.0,8.109934433012814
960,960,4,-1.0,-1.0,23.503426634165475
961,961,4,-1.0,-1.0,22.284642563026328
962,962,4,-1.0,-1.0,21.345058524173027
963,963,4,-1.0,-1.0,7.722837614895122
964,964,4,-1.0,-1.0,23.60102860165319
965,965,4,-1.0,-1.0,22.741860099440984
966,966,4,-1.0,-1.0,22.24540300296478
967,967,4,-1.0,-1.0,7.984131879009385
968,968,4,-1.0,-1.0,19.55641762094819
969,969,4,-1.0,-1.0,22.234907440785427
970,970,4,-1.0,-1.0,8.07259807572757
971,971,4,-1.0,-1.0,23.508300731988925
972,972,4,-1.0,-1.0,22.13072750680653
973,973,4,-1.0,-1.0,20.918595952240832
974,974,4,-1.0,-1.0,7.7017080614182305
975,975,4,-1.0,-1.0,23.516340822059128
976,976,4,-1.0,-1.0,21.83032498490621
977,977,4,-1.0,-1.0,21.66244363989444
978,978,4,-1.0,-1.0,7.941095503969313
979,979,4,-1.0,-1.0,20.764086773136366
980,980,4,-1.0,-1.0,21.042010735965484
981,981,4,-1.0,-1.0,7.907902427252194
982,982,4,-1.0,-1.0,23.37909968562574
983,983,4,-1.0,-1.0,19.39266609026137
984,984,4,-1.0,-1.0,19.191595477444416
985,985,4,-1.0,-1.0,8.00690292381585
986,986,4,-1.0,-1.0,22.855374220091
987,987,4,-1.0,-1.0,19.384689331336773
988,988,4,-1.0,-1.0,21.49183738304348
989,989,4,-1.0,-1.0,7.865903012981362
990,990,4,-1.0,-1.0,20.2916483229399
991,991,4,-1.0,-1.0,18.489327749614283
992,992,4,-1.0,-1.0,8.033187645799257
993,993,4,-1.0,-1.0,22.790795229168364
994,994,4,-1.0,-1.0,21.017653749981207
995,995,4,-1.0,-1.0,20.853696614130165
996,996,4,-1.0,-1.0,7.769560497778963
997,997,4,-1.0,-1.0,23.23019152165003
998,998,4,-1.0,-1.0,17.51772528317017
999,999,4,-1.0,-1.0,22.238326255123088
1000,1000,4,-1.0,-1.0,7.862069482610603
1001,1001,4,-1.0,-1.0,23.58178812787441
1002,1002,4,-1.0,-1.0,19.85948797106047
1003,1003,4,-1.0,-1.0,7.94265944291793
1004,1004,4,-1.0,-1.0,22.69608177356428
1005,1005,4,-1.0,-1.0,22.1365675501652
1006,1006,4,-1.0,-1.0,22.8723245300716
1007,1007,4,-1.0,-1.0,7.984907068434108
1008,1008,4,-1.0,-1.0,23.4842134142586
1009,1009,4,-1.0,-1.0,23.293924247473065
1010,1010,4,-1.0,-1.0,23.08278712432653
1011,1011,4,-1.0,-1.0,8.025072228068497
1012,1012,4,-1.0,-1.0,23.88542206479462
1013,1013,4,-1.0,-1.0,23.275181043811216
1014,1014,4,-1.0,-1.0,7.955857108443333
1015,1015,4,-1.0,-1.0,21.440312431310605
1016,1016,4,-1.0,-1.0,20.642885266556423
1017,1017,4,-1.0,-1.0,16.93723903439698
1018,1018,4,-1.0,-1.0,7.962170094100182
1019,1019,4,-1.0,-1.0,23.398402285000223
1020,1020,4,-1.0,-1.0,23.240488934694195
1021,1021,4,-1.0,-1.0,23.047525894991345
1022,1022,4,-1.0,-1.0,7.658563128352889
1023,1023,4,-1.0,-1.0,23.3780572091053
1024,1024,4,-1.0,-1.0,23.171158031975427
1025,1025,4,-1.0,-1.0,8.115756274065903
1026,1026,4,-1.0,-1.0,22.66725753628984
1027,1027,4,-1.0,-1.0,20.31326853318223
1028,1028,4,-1.0,-1.0,22.78212976290704
1029,1029,4,-1.0,-1.0,8.13584361070269
1030,1030,4,-1.0,-1.0,22.60617232049499
1031,1031,4,-1.0,-1.0,22.749137613086585
1032,1032,4,-1.0,-1.0,23.817604670047302
1033,1033,4,-1.0,-1.0,8.105279837983451
1034,1034,4,-1.0,-1.0,21.917020253746628
1035,1035,4,-1.0,-1.0,21.924123150906905
1036,1036,4,-1.0,-1.0,23.765108504731145
1037,1037,4,-1.0,-1.0,8.271597975045013
1038,1038,4,-1.0,-1.0,24.40592123638395
1039,1039,4,-1.0,-1.0,24.704201294608936
1040,1040,4,-1.0,-1.0,12.729917082468344
1041,1041,4,-1.0,-1.0,24.570337305074226
1042,1042,4,-1.0,-1.0,25.011204732344645
1043,1043,4,-1.0,-1.0,24.41600838257124
1044,1044,4,-1.0,-1.0,8.473718023831362
1045,1045,4,-1.0,-1.0,24.2529432173008
1046,1046,4,-1.0,-1.0,24.415013504703364
1047,1047,4,-1.0,-1.0,8.28867967780439
1048,1048,4,-1.0,-1.0,23.926434683399886
1049,1049,4,-1.0,-1.0,23.645467716748502
1050,1050,4,-1.0,-1.0,23.765916457015933
1051,1051,4,-1.0,-1.0,8.113919373528564
1052,1052,4,-1.0,-1.0,23.646534178999296
1053,1053,4,-1.0,-1.0,20.032209687741787
1054,1054,4,-1.0,-1.0,23.46463776223776
1055,1055,4,-1.0,-1.0,8.155935472831075
1056,1056,4,-1.0,-1.0,23.279314880698
1057,1057,4,-1.0,-1.0,22.923076082263503
1058,1058,4,-1.0,-1.0,23.501977967792183
1059,1059,4,-1.0,-1.0,8.185317455670956
1060,1060,4,-1.0,-1.0,23.27531020399104
1061,1061,4,-1.0,-1.0,23.17397454031117
1062,1062,4,-1.0,-1.0,11.99088598620319
1063,1063,4,-1.0,-1.0,23.223117341882187
1064,1064,4,-1.0,-1.0,23.36906970654276
1065,1065,4,-1.0,-1.0,23.17192610271369
1066,1066,4,-1.0,-1.0,8.214976261732032
1067,1067,4,-1.0,-1.0,23.686194784219385
1068,1068,4,-1.0,-1.0,23.30842243314736
1069,1069,4,-1.0,-1.0,23.135498888539548
1070,1070,4,-1.0,-1.0,8.164397320776827
1071,1071,4,-1.0,-1.0,23.32021550453972
1072,1072,4,-1.0,-1.0,23.56734524164049
1073,1073,4,-1.0,-1.0,12.02978259622555
1074,1074,4,-1.0,-1.0,23.09918602473868
1075,1075,4,-1.0,-1.0,23.15440117033316
1076,1076,4,-1.0,-1.0,23.00050998864864
1077,1077,4,-1.0,-1.0,0.2449063149426926
1078,1078,4,-1.0,-1.0,20.6975874303592
1079,1079,4,-1.0,-1.0,20.16424447254179
1080,1080,4,-1.0,-1.0,23.2840964604521
1081,1081,4,-1.0,-1.0,8.161696513530817
1082,1082,4,-1.0,-1.0,19.70257561736369
1083,1083,4,-1.0,-1.0,20.01146973925905
1084,1084,4,-1.0,-1.0,11.590541433044187
1085,1085,4,-1.0,-1.0,22.376304389577687
1086,1086,4,-1.0,-1.0,22.867710559602216
1087,1087,4,-1.0,-1.0,22.73828472297517
1088,1088,4,-1.0,-1.0,7.972840322844314
1089,1089,4,-1.0,-1.0,22.393866426050604
1090,1090,4,-1.0,-1.0,22.063323566698053
1091,1091,4,-1.0,-1.0,8.149818323132227
1092,1092,4,-1.0,-1.0,21.04623413116564
1093,1093,4,-1.0,-1.0,20.88214442187438
1094,1094,4,-1.0,-1.0,23.09664203350257
1095,1095,4,-1.0,-1.0,7.761710191271392
1096,1096,4,-1.0,-1.0,20.118688782509427
1097,1097,4,-1.0,-1.0,23.08342230685408
1098,1098,4,-1.0,-1.0,23.25169773875057
1099,1099,4,-1.0,-1.0,7.912362878351994
1100,1100,4,-1.0,-1.0,20.29400465460598
1101,1101,4,-1.0,-1.0,22.79475878110683
1102,1102,4,-1.0,-1.0,8.218485353188989
1103,1103,4,-1.0,-1.0,7.942779771429653
1104,1104,4,-1.0,-1.0,22.136918050783496
1105,1105,4,-1.0,-1.0,22.226659459688616
1106,1106,4,-1.0,-1.0,7.994403941637838
1107,1107,4,-1.0,-1.0,23.19358103064052
1108,1108,4,-1.0,-1.0,23.22517484066381
1109,1109,4,-1.0,-1.0,22.336146894520745
1110,1110,4,-1.0,-1.0,7.520622836005286
1111,1111,4,-1.0,-1.0,23.348775586321302
1112,1112,4,-1.0,-1.0,22.570529136688712
1113,1113,4,-1.0,-1.0,8.031895458880213
1114,1114,4,-1.0,-1.0,23.176535596666888
1115,1115,4,-1.0,-1.0,19.80042392684665
1116,1116,4,-1.0,-1.0,21.37693354467476
1117,1117,4,-1.0,-1.0,7.888641668343713
1118,1118,4,-1.0,-1.0,23.15772503160905
1119,1119,4,-1.0,-1.0,19.37340760653678
1120,1120,4,-1.0,-1.0,22.53802545956722
1121,1121,4,-1.0,-1.0,7.813080839221282
1122,1122,4,-1.0,-1.0,22.219712340741133
1123,1123,4,-1.0,-1.0,19.874167823618883
1124,1124,4,-1.0,-1.0,7.748504078107536
1125,1125,4,-1.0,-1.0,21.58918662946911
1126,1126,4,-1.0,-1.0,21.520508163244365
1127,1127,4,-1.0,-1.0,20.834325963530155
1128,1128,4,-1.0,-1.0,7.965496743954619
1129,1129,4,-1.0,-1.0,22.946151026593505
1130,1130,4,-1.0,-1.0,21.014705219225508
1131,1131,4,-1.0,-1.0,21.861615682513538
1132,1132,4,-1.0,-1.0,7.706859232309869
1133,1133,4,-1.0,-1.0,23.223631682400818
1134,1134,4,-1.0,-1.0,23.188964754664823
1135,1135,4,-1.0,-1.0,8.09673683072599
1136,1136,4,-1.0,-1.0,23.54168327112508
1137,1137,4,-1.0,-1.0,22.413731557037583
1138,1138,4,-1.0,-1.0,21.28710127642297
1139,1139,1,-1.0,-1.0,7.836232005903838
1140,1140,1,615.125,459.375,22.46246619360021
1141,1141,1,581.875,459.375,22.591804197009523
1142,1142,1,365.75,472.5,21.8620714818116
1143,1143,1,432.25,406.875,7.951136471346515
1144,1144,1,448.875,380.625,22.868957395068865
1145,1145,1,448.875,380.625,22.58669452551993
1146,1146,1,448.875,380.625,8.034449467473756
1147,1147,1,432.25,367.5,23.242807110874672
1148,1148,1,432.25,367.5,22.81025462534941
1149,1149,1,448.875,420.0,22.481971237598025
1150,1150,1,382.375,472.5,7.503401689126939
1151,1151,1,399.0,485.625,22.71771734361713
1152,1152,1,349.125,472.5,22.977325641910586
1153,1153,1,365.75,485.625,22.614460559659243
1154,1154,1,349.125,485.625,8.014966300980873
1155,1155,1,349.125,485.625,22.427754071887662
1156,1156,1,332.5,485.625,22.30087516881294
1157,1157,1,548.625,354.375,11.449211115357318
1158,1158,1,565.25,367.5,22.704804798302405
1159,1159,1,565.25,367.5,22.78311976838297
1160,1160,1,581.875,354.375,22.4078640880436
1161,1161,1,581.875,354.375,7.882015123953275
1162,1162,1,565.25,367.5,23.214890990906223
1163,1163,1,565.25,367.5,22.81360449494428
1164,1164,1,565.25,367.5,22.422718330339578
1165,1165,1,565.25,367.5,7.802441760314605
1166,1166,1,515.375,420.0,22.609950028839883
1167,1167,1,515.375,420.0,20.97844288615243
1168,1168,1,515.375,433.125,11.374661347666793
1169,1169,1,515.375,420.0,22.988785968758563
1170,1170,1,515.375,420.0,23.05892960224305
1171,1171,1,515.375,420.0,20.570599025002696
1172,1172,1,515.375,420.0,6.325019717128945
1173,1173,1,515.375,433.125,22.58487020294756
1174,1174,1,515.375,472.5,23.130523018551607
1175,1175,1,515.375,472.5,22.73138372824037
1176,1176,1,515.375,472.5,7.974113576303732
1177,1177,1,515.375,459.375,23.076691150174685
1178,1178,1,515.375,459.375,23.036386504314205
1179,1179,1,515.375,446.25,11.62681569201428
1180,1180,1,515.375,446.25,19.43823224084236
1181,1181,1,515.375,446.25,22.43951293629224
1182,1182,1,515.375,446.25,22.897297179261816
1183,1183,1,515.375,446.25,7.850532502292848
1184,1184,1,515.375,446.25,22.091096785067204
1185,1185,1,515.375,446.25,22.74284660806949
1186,1186,1,515.375,446.25,8.118882486048497
1187,1187,1,515.375,433.125,22.441914219672974
1188,1188,1,515.375,446.25,22.15972442359305
1189,1189,1,515.375,446.25,22.4078640880436
1190,1190,1,515.375,446.25,8.118819623897874
1191,1191,1,482.125,420.0,22.46342861121376
1192,1192,1,465.5,433.125,22.668605122495634
1193,1193,1,415.625,433.125,21.249893606241766
1194,1194,1,365.75,446.25,7.885275118627753
1195,1195,1,349.125,446.25,22.321882267789952
1196,1196,1,332.5,472.5,23.000005483628627
1197,1197,1,332.5,472.5,7.729483982846728
1198,1198,1,332.5,446.25,21.47676079776748
1199,1199,1,332.5,446.25,22.75888937724168
1200,1200,1,349.125,433.125,23.000005483628627
1201,1201,1,332.5,446.25,7.762974369604809
1202,1202,1,332.5,446.25,23.22980554617101
1203,1203,1,332.5,433.125,22.651465973958643
1204,1204,1,349.125,433.125,22.72202478980671
1205,1205,1,349.125,433.125,7.96968925405011
1206,1206,1,332.5,446.25,22.96612823741992
1207,1207,1,332.5,446.25,22.992944736510303
1208,1208,1,332.5,472.5,8.020851938614523
1209,1209,1,332.5,472.5,23.09460724393493
1210,1210,1,332.5,446.25,22.93448234380639
1211,1211,1,332.5,446.25,22.32211986226643
1212,1212,1,332.5,446.25,7.9748413323142096
1213,1213,1,382.375,406.875,23.00946863719649
1214,1214,1,399.0,406.875,22.819810555981743
1215,1215,1,382.375,406.875,22.4544091824061
1216,1216,1,399.0,420.0,7.514707621303387
1217,1217,1,399.0,420.0,22.90504977691858
1218,1218,1,399.0,420.0,23.396836022045207
1219,1219,1,399.0,420.0,8.16568480482819
1220,1220,1,415.625,406.875,24.46742579802128
1221,1221,1,432.25,406.875,23.60753765450165
1222,1222,1,432.25,420.0,23.95526846346715
1223,1223,1,415.625,420.0,8.366870869481088
1224,1224,1,415.625,406.875,23.506456241033
1225,1225,1,415.625,406.875,23.22273160144398
1226,1226,1,415.625,406.875,23.188451948540184
1227,1227,1,415.625,420.0,8.108492034186977
1228,1228,1,415.625,420.0,23.004294481892423
1229,1229,1,432.25,420.0,22.95104787961696
1230,1230,1,432.25,420.0,22.942636625696736
1231,1231,1,432.25,420.0,8.12632280514126
1232,1232,1,432.25,420.0,22.991684344970864
1233,1233,1,432.25,420.0,22.841931566307053
1234,1234,1,432.25,420.0,11.803337001089073
1235,1235,1,432.25,420.0,22.808021925436115
1236,1236,1,432.25,420.0,22.934733158355204
1237,1237,1,432.25,420.0,22.302179542397123
1238,1238,1,448.875,406.875,8.098456500500083
1239,1239,1,432.25,420.0,22.455370909713896
1240,1240,1,448.875,406.875,22.68957458778725
1241,1241,1,448.875,406.875,22.54699099583389
1242,1242,1,432.25,420.0,8.146557484034371
1243,1243,1,432.25,420.0,22.62031474150856
1244,1244,1,432.25,420.0,22.98853397057856
1245,1245,1,415.625,433.125,11.844936896535168
1246,1246,1,399.0,446.25,22.7092303027678
1247,1247,1,399.0,446.25,22.76049489906664
1248,1248,1,365.75,446.25,22.575266965208407
1249,1249,1,399.0,446.25,8.107112828373225
1250,1250,1,415.625,433.125,22.57295854389676
1251,1251,1,415.625,433.125,22.52930907606448
1252,1252,1,399.0,446.25,22.75135879883268
1253,1253,1,399.0,446.25,8.1171070049001
1254,1254,1,399.0,433.125,22.633742013469178
1255,1255,1,399.0,433.125,22.64156158231128
1256,1256,1,399.0,446.25,11.876027114113723
1257,1257,1,399.0,446.25,22.48305584442038
1258,1258,1,399.0,446.25,22.63899519077665
1259,1259,1,399.0,433.125,22.613972847946343
1260,1260,1,399.0,433.125,8.192560038283867
1261,1261,1,399.0,433.125,23.058042242526195
1262,1262,1,399.0,433.125,23.021466482976656
1263,1263,1,399.0,446.25,8.191520028123351
1264,1264,1,399.0,420.0,0.2498476391317869
1265,1265,1,399.0,420.0,20.309530842198537
1266,1266,1,399.0,420.0,18.283323016834785
1267,1267,1,415.625,420.0,11.324601548177368
1268,1268,1,415.625,433.125,22.281446223478287
1269,1269,1,448.875,420.0,22.14895864137552
1270,1270,1,482.125,433.125,22.630200549257854
1271,1271,1,515.375,420.0,7.942614320665965
1272,1272,1,515.375,433.125,22.95255502413292
1273,1273,1,515.375,433.125,21.39885513708764
1274,1274,1,515.375,433.125,11.2598160546789
1275,1275,1,515.375,420.0,23.147500814022152
1276,1276,1,515.375,420.0,23.08672581959092
1277,1277,1,515.375,420.0,20.82904930276906
1278,1278,1,515.375,420.0,7.652289408532213
1279,1279,1,515.375,420.0,22.447318986786264
1280,1280,1,515.375,420.0,22.79934335692465
1281,1281,1,548.625,367.5,20.84737388849402
1282,1282,1,515.375,380.625,7.593727029463842
1283,1283,1,515.375,380.625,23.04575299864285
1284,1284,1,565.25,367.5,20.231160675094905
1285,1285,1,565.25,367.5,11.560480025577844
1286,1286,1,565.25,367.5,15.696951778596958
1287,1287,1,565.25,367.5,22.7875758580036
1288,1288,1,515.375,380.625,21.49260828794113
1289,1289,1,565.25,367.5,7.78178444869107
1290,1290,1,565.25,367.5,22.698169774766487
1291,1291,1,565.25,367.5,22.806781725446697
1292,1292,1,565.25,367.5,21.61744938770461
1293,1293,1,565.25,367.5,8.036758703941443
1294,1294,1,565.25,367.5,23.16847018532328
1295,1295,1,565.25,367.5,22.908177309767765
1296,1296,1,565.25,367.5,11.652851324394756
1297,1297,1,581.875,367.5,22.344000213089
1298,1298,1,565.25,367.5,22.577454326224338
1299,1299,1,565.25,367.5,22.78930925252789
1300,1300,1,565.25,367.5,7.761178784688234
1301,1301,1,565.25,367.5,22.79376776388368
1302,1302,1,565.25,367.5,22.818693215820684
1303,1303,1,565.25,367.5,8.122325675068552
1304,1304,1,565.25,367.5,22.695836151619275
1305,1305,1,565.25,367.5,22.571865245936927
1306,1306,1,565.25,367.5,22.79463489924132
1307,1307,1,565.25,367.5,7.980075989779242
1308,1308,1,565.25,367.5,22.89317293627055
1309,1309,1,565.25,367.5,22.46282709054102
1310,1310,1,565.25,367.5,22.73508016868489
1311,1311,1,565.25,367.5,7.97710125467627
1312,1312,1,565.25,367.5,20.894731860412985
1313,1313,1,565.25,367.5,21.39525298537536
1314,1314,1,565.25,367.5,8.05085838887012
1315,1315,1,565.25,367.5,20.6046541331591
1316,1316,1,565.25,367.5,21.89265339144505
1317,1317,1,565.25,367.5,22.21665227685642
1318,1318,1,565.25,367.5,7.963031732109158
1319,1319,1,565.25,367.5,20.95423275797468
1320,1320,1,565.25,367.5,22.09284220617438
1321,1321,1,581.875,367.5,22.82328742524745
1322,1322,1,565.25,367.5,8.069103767232656
1323,1323,1,565.25,367.5,18.806514097137526
1324,1324,1,565.25,367.5,21.66266740350895
1325,1325,1,565.25,367.5,8.065426365533089
1326,1326,1,565.25,367.5,18.32486041085956
1327,1327,1,565.25,367.5,22.56712884498464
1328,1328,1,565.25,367.5,22.79215754466809
1329,1329,1,565.25,367.5,7.984131879009385
1330,1330,1,565.25,367.5,21.72381573904306
1331,1331,1,565.25,367.5,22.166048345329823
1332,1332,1,565.25,367.5,23.093208534067447
1333,1333,1,565.25,367.5,8.014277143195619
1334,1334,1,565.25,367.5,18.97583177248749
1335,1335,1,565.25,367.5,22.4211601066986
1336,1336,1,565.25,367.5,8.080093856375857
1337,1337,1,565.25,367.5,21.39132474818309
1338,1338,1,565.25,367.5,22.297674171340475
1339,1339,1,565.25,367.5,22.757407558123763
1340,1340,1,565.25,367.5,7.997178119750683
1341,1341,1,581.875,367.5,21.658193009361817
1342,1342,1,581.875,367.5,22.04940517182465
1343,1343,1,581.875,367.5,22.81546595878936
1344,1344,1,581.875,367.5,8.041612423908354
1345,1345,1,581.875,380.625,20.796929774542715
1346,1346,1,581.875,380.625,21.38488992219605
1347,1347,1,581.875,367.5,8.09542412006763
1348,1348,1,581.875,367.5,22.52822000214846
1349,1349,1,581.875,367.5,21.814316102624915
1350,1350,1,581.875,380.625,22.364730912173872
1351,1351,1,581.875,380.625,8.031418685386138
1352,1352,1,581.875,380.625,22.347928943638703
1353,1353,1,581.875,380.625,22.131895268951105
1354,1354,1,581.875,380.625,22.39805192724632
1355,1355,1,581.875,380.625,8.039377443839607
1356,1356,1,581.875,420.0,22.33329251084902
1357,1357,1,581.875,393.75,22.14416421606154
1358,1358,1,581.875,393.75,8.041304076917916
1359,1359,1,581.875,393.75,22.68184448326024
1360,1360,1,581.875,393.75,22.34233389620144
1361,1361,1,581.875,393.75,22.18891481111164
1362,1362,1,581.875,393.75,8.091160748561386
1363,1363,1,581.875,393.75,22.461864724468484
1364,1364,1,581.875,393.75,21.90351454384041
1365,1365,1,581.875,380.625,22.14170933854194
1366,1366,1,581.875,380.625,8.038791930358519
1367,1367,1,581.875,380.625,21.08071811986088
1368,1368,1,581.875,367.5,20.7587428854244
1369,1369,1,581.875,367.5,7.84896056529379
1370,1370,1,581.875,367.5,22.32568438646078
1371,1371,1,581.875,367.5,22.35019156679793
1372,1372,1,581.875,367.5,9.449056739793551
1373,1373,1,581.875,367.5,7.807219945126333
1374,1374,1,565.25,367.5,21.542393425783256
1375,1375,1,565.25,367.5,22.338050222352408
1376,1376,1,565.25,367.5,22.883680328226617
1377,1377,1,565.25,367.5,7.783214045140854
1378,1378,1,581.875,367.5,20.332766151355177
1379,1379,1,581.875,367.5,23.23649760394449
1380,1380,1,565.25,380.625,7.977177113209126
1381,1381,1,581.875,380.625,20.04408039989677
1382,1382,1,581.875,367.5,23.09346283235053
1383,1383,1,581.875,367.5,22.96499652319603
1384,1384,1,581.875,367.5,8.054831876693571
1385,1385,1,565.25,380.625,22.905800306917666
1386,1386,1,565.25,380.625,23.32695976196435
1387,1387,1,565.25,380.625,22.910679951057507
1388,1388,1,565.25,380.625,7.980577056267172
1389,1389,1,565.25,380.625,22.02196786726872
1390,1390,1,565.25,380.625,23.470021095747835
1391,1391,1,565.25,380.625,8.06134945742632
1392,1392,1,565.25,380.625,23.100712688498948
1393,1393,1,565.25,380.625,23.314771065987028
1394,1394,1,565.25,380.625,23.590143926568764
1395,1395,1,565.25,380.625,8.02303058821729
1396,1396,1,565.25,380.625,23.35449599928728
1397,1397,1,565.25,380.625,22.9529318411908
1398,1398,1,565.25,367.5,22.986518184010347
1399,1399,1,565.25,367.5,8.05693616579873
1400,1400,1,565.25,367.5,23.44640531279173
1401,1401,1,565.25,380.625,23.300264983806542
1402,1402,1,565.25,380.625,8.111298912770213
1403,1403,1,565.25,367.5,23.481846836002887
1404,1404,1,565.25,380.625,22.924955454257265
1405,1405,1,565.25,380.625,23.096006123246863
1406,1406,1,565.25,380.625,8.293186595037499
1407,1407,1,565.25,380.625,23.624291716889523
1408,1408,1,565.25,380.625,24.07655260695609
1409,1409,1,565.25,380.625,23.9211128157455
1410,1410,1,581.875,380.625,8.377081136356374
1411,1411,1,581.875,380.625,23.24963553821167
1412,1412,1,581.875,380.625,23.325403048655023
1413,1413,1,581.875,380.625,23.08367638965328
1414,1414,1,581.875,380.625,8.186915158163485
1415,1415,1,581.875,380.625,23.244481636860392
1416,1416,1,581.875,367.5,23.136009355228392
1417,1417,1,581.875,367.5,11.995618513211667
1418,1418,1,581.875,367.5,23.102748554117323
1419,1419,1,581.875,367.5,23.03676607898061
1420,1420,1,581.875,367.5,23.29832357548354
1421,1421,1,581.875,367.5,8.178039830445684
1422,1422,1,581.875,367.5,23.2710486748004
1423,1423,1,581.875,367.5,22.217946816400044
1424,1424,1,581.875,367.5,22.27032537592388
1425,1425,1,581.875,367.5,8.123615657260173
1426,1426,1,581.875,367.5,22.817700116419505
1427,1427,1,581.875,367.5,22.66248102141271
1428,1428,1,581.875,367.5,11.917024426140545
1429,1429,1,581.875,367.5,22.68969733034
1430,1430,1,581.875,367.5,22.682212464037725
1431,1431,1,581.875,367.5,22.631787965121298
1432,1432,1,581.875,367.5,8.165064854415805
1433,1433,1,581.875,367.5,22.815838288011403
1434,1434,1,581.875,367.5,22.74136687721961
1435,1435,1,581.875,367.5,22.70627977479428
1436,1436,1,581.875,367.5,8.136964243796355
1437,1437,1,581.875,367.5,23.082914158035507
1438,1438,1,581.875,367.5,23.219003437757763
1439,1439,1,581.875,367.5,11.9264447041495
1440,1440,1,581.875,367.5,23.166678633960974
1441,1441,1,581.875,367.5,23.02336202353768
1442,1442,1,581.875,367.5,23.084311621123312
1443,1443,1,581.875,367.5,8.204258315647403
1444,1444,1,581.875,367.5,23.09829556406091
1445,1445,1,581.875,367.5,23.31282723968118
1446,1446,1,581.875,367.5,8.204659533264216
1447,1447,1,581.875,367.5,23.150439351790524
1448,1448,1,581.875,367.5,23.08380343315043
1449,1449,1,581.875,367.5,23.028418324768307
1450,1450,1,581.875,367.5,8.179267819429521
1451,1451,1,581.875,367.5,0.2498057653779176
1452,1452,1,581.875,367.5,21.928478815508804
1453,1453,1,598.5,367.5,22.296725904110826
1454,1454,1,598.5,367.5,11.6821916587287
1455,1455,1,598.5,367.5,22.154574265793364
1456,1456,1,598.5,367.5,22.609340635646213
1457,1457,1,598.5,367.5,7.870537724802594
1458,1458,1,598.5,367.5,22.677552256236687
1459,1459,1,598.5,367.5,23.027912594707367
1460,1460,1,598.5,367.5,22.809262260313456
1461,1461,1,581.875,367.5,7.905025942965056
1462,1462,1,598.5,367.5,22.939499677317027
1463,1463,1,598.5,367.5,22.962733429323816
1464,1464,1,581.875,367.5,23.012119715798427
1465,1465,1,581.875,367.5,8.000366227702074
1466,1466,1,581.875,367.5,23.24087526527808
1467,1467,1,581.875,367.5,22.979843415278243
1468,1468,1,581.875,367.5,7.980060806928489
1469,1469,1,598.5,367.5,20.880689002837656
1470,1470,1,598.5,367.5,22.95418798741278
1471,1471,1,598.5,367.5,22.6915386280026
1472,1472,1,581.875,367.5,7.999877931550117
1473,1473,1,581.875,367.5,20.653660169983947
1474,1474,1,581.875,367.5,22.87481934347373
1475,1475,1,581.875,367.5,22.0126062107368
1476,1476,1,581.875,367.5,8.064092778411178
1477,1477,1,581.875,367.5,22.84653513884501
1478,1478,1,581.875,367.5,22.921823338780104
1479,1479,1,581.875,367.5,7.987248750297548
1480,1480,1,581.875,367.5,12.024126780267412
1481,1481,1,581.875,367.5,22.36616203360547
1482,1482,1,581.875,367.5,22.67644880327417
1483,1483,1,581.875,367.5,7.741296287067952
1484,1484,1,581.875,367.5,19.8428582242071
1485,1485,1,581.875,367.5,22.47510449040832
1486,1486,1,581.875,367.5,22.735942844443
1487,1487,1,581.875,367.5,7.965027820505517
1488,1488,1,581.875,367.5,22.52132497838776
1489,1489,1,581.875,367.5,22.729905488597936
1490,1490,1,581.875,367.5,8.007239210864926
1491,1491,1,581.875,367.5,21.94867501151253
1492,1492,1,581.875,367.5,21.454240409207163
1493,1493,1,581.875,367.5,22.33246011969416
1494,1494,1,581.875,367.5,7.981366743290353
1495,1495,1,581.875,367.5,21.93398318202736
1496,1496,1,581.875,367.5,22.08818836267504
1497,1497,1,581.875,367.5,22.86970556161396
1498,1498,1,581.875,367.5,7.704480912861547
1499,1499,1,581.875,367.5,20.36722445055212
1500,1500,1,581.875,367.5,23.03651302781317
1501,1501,1,581.875,367.5,7.971249327700269
1502,1502,1,581.875,367.5,21.963961605127693
1503,1503,1,581.875,367.5,21.381837460874177
1504,1504,1,581.875,367.5,22.48414055589804
1505,1505,1,581.875,367.5,8.010848431370302
1506,1506,1,581.875,367.5,21.042010735965484
1507,1507,1,581.875,367.5,18.90731399463565
1508,1508,1,581.875,367.5,22.729412784774457
1509,1509,1,581.875,380.625,8.02528719797335
1510,1510,1,581.875,367.5,22.183633747990186
1511,1511,1,581.875,367.5,23.01666584352656
1512,1512,1,581.875,380.625,8.003663786523372
1513,1513,1,598.5,380.625,22.12629113429907
1514,1514,1,581.875,380.625,22.43519192092088
1515,1515,1,581.875,380.625,22.57976366719604
1516,1516,1,581.875,367.5,7.975736047752067
1517,1517,1,581.875,380.625,20.299308402259182
1518,1518,1,598.5,393.75,20.85224515769797
1519,1519,1,598.5,420.0,22.23549681653599
1520,1520,1,615.125,420.0,7.980030441400304
1521,1521,1,615.125,420.0,20.551347696348163
1522,1522,1,631.75,433.125,22.418283955038405
1523,1523,1,615.125,420.0,8.08158845460939
1524,1524,1,631.75,420.0,20.987470477562947
1525,1525,1,648.375,433.125,21.17725705226273
1526,1526,1,648.375,446.25,22.96449357489748
1527,1527,1,665.0,446.25,8.025425398993928
1528,1528,1,665.0,459.375,19.991344384812635
1529,1529,1,648.375,446.25,20.66892691003705
1530,1530,1,665.0,459.375,22.95418798741278
1531,1531,1,648.375,433.125,7.891728961148188
1532,1532,1,681.625,433.125,21.976966203825
1533,1533,1,681.625,420.0,22.78918542988785
1534,1534,1,681.625,433.125,8.032987637296868
1535,1535,1,681.625,446.25,21.81919575508505
1536,1536,1,698.25,446.25,21.71706690691437
1537,1537,1,698.25,446.25,22.53657226064016
1538,1538,1,681.625,459.375,8.092003696508188
1539,1539,1,681.625,459.375,16.353209971849875
1540,1540,1,698.25,459.375,20.66719554559117
1541,1541,1,681.625,446.25,22.73902436379802
1542,1542,1,681.625,433.125,7.790905325256938
1543,1543,1,681.625,420.0,23.200380560441623
1544,1544,1,681.625,420.0,23.64826738534748
1545,1545,1,665.0,420.0,8.271043389264987
1546,1546,1,665.0,420.0,23.503953466217617
1547,1547,1,665.0,420.0,23.42950988168788
1548,1548,1,665.0,420.0,23.178328672951736
1549,1549,1,648.375,420.0,8.181597226963373
1550,1550,1,631.75,393.75,21.64522771255322
1551,1551,1,648.375,420.0,21.012389096793264
1552,1552,1,665.0,420.0,22.19173240636392
1553,1553,1,648.375,446.25,7.698301320583296
1554,1554,1,648.375,446.25,22.94426817793921
1555,1555,1,648.375,446.25,22.79525432203436
1556,1556,1,648.375,446.25,7.929925262940968
1557,1557,1,648.375,446.25,22.83820030165584
1558,1558,1,648.375,446.25,22.96185345771471
1559,1559,1,648.375,446.25,23.40976396586463
1560,1560,1,648.375,446.25,7.905830551539678
1561,1561,1,648.375,459.375,23.248733440496647
1562,1562,1,648.375,459.375,21.59774666453829
1563,1563,1,648.375,446.25,21.21721535379697
1564,1564,1,648.375,446.25,7.630904926252668
1565,1565,1,648.375,446.25,23.569066858472222
1566,1566,1,648.375,446.25,22.16651692756503
1567,1567,1,648.375,446.25,7.932099792728868
1568,1568,1,648.375,446.25,23.401927143486823
1569,1569,1,648.375,446.25,23.59465586589036
1570,1570,1,648.375,446.25,23.477903598676736
1571,1571,1,648.375,446.25,8.011475788721715
1572,1572,1,648.375,433.125,23.47488134682547
1573,1573,1,648.375,433.125,23.007196770229942
1574,1574,1,631.75,420.0,23.003032845774584
1575,1575,1,648.375,420.0,8.039870573982917
1576,1576,1,648.375,420.0,23.546308875540337
1577,1577,1,631.75,420.0,23.33331849840896
1578,1578,1,631.75,420.0,8.01198080625936
1579,1579,1,631.75,420.0,23.50276812731144
1580,1580,1,631.75,420.0,23.493816096074564
1581,1581,1,631.75,420.0,22.67264884266517
1582,1582,1,631.75,420.0,8.019839729555576
1583,1583,1,631.75,420.0,22.658930558706903
1584,1584,1,648.375,420.0,22.477031574885853
1585,1585,1,631.75,420.0,19.40190581922472
1586,1586,1,631.75,420.0,8.04082618581129
1587,1587,1,631.75,420.0,23.51054086019697
1588,1588,1,615.125,393.75,23.35618665775699
1589,1589,1,615.125,393.75,8.458423830295256
1590,1590,1,615.125,420.0,24.121137533427262
1591,1591,1,615.125,393.75,23.992678015742268
1592,1592,1,581.875,420.0,23.918520968532945
1593,1593,1,581.875,446.25,8.301196401888118
1594,1594,1,565.25,472.5,23.35904832978759
1595,1595,1,565.25,472.5,23.247702557394494
1596,1596,1,615.125,459.375,23.416690859554706
1597,1597,1,615.125,472.5,8.19128006327569
1598,1598,1,615.125,472.5,22.94451920657324
1599,1599,1,615.125,472.5,23.057915482427447
1600,1600,1,631.75,472.5,23.11751931831961
1601,1601,1,-1.0,-1.0,8.178342806446267
1602,1602,4,-1.0,-1.0,23.300394422532083
1603,1603,4,-1.0,-1.0,23.27053223184514
1604,1604,4,-1.0,-1.0,12.008084972372528
1605,1605,4,-1.0,-1.0,23.132564142160646
1606,1606,4,-1.0,-1.0,23.20705567297797
1607,1607,4,-1.0,-1.0,23.1606661660114
1608,1608,4,-1.0,-1.0,8.149770816453028
1609,1609,4,-1.0,-1.0,23.37870874603555
1610,1610,4,-1.0,-1.0,23.27027401896329
1611,1611,4,-1.0,-1.0,23.19524847090573
1612,1612,4,-1.0,-1.0,8.1798420706723
1613,1613,4,-1.0,-1.0,23.24989329327443
1614,1614,4,-1.0,-1.0,23.329295221567744
1615,1615,4,-1.0,-1.0,11.992977439739228
1616,1616,4,-1.0,-1.0,23.24718715012581
1617,1617,4,-1.0,-1.0,23.4725166489451
1618,1618,4,-1.0,-1.0,23.137157987643423
1619,1619,4,-1.0,-1.0,8.208416833667334
1620,1620,4,-1.0,-1.0,23.384313463125263
1621,1621,4,-1.0,-1.0,23.101603335554834
1622,1622,4,-1.0,-1.0,22.57320151338202
1623,1623,4,-1.0,-1.0,8.161108927536006
1624,1624,4,-1.0,-1.0,23.077579945859103
1625,1625,4,-1.0,-1.0,23.19037508846426
1626,1626,4,-1.0,-1.0,11.893977160908689
1627,1627,4,-1.0,-1.0,22.780644916004498
1628,1628,4,-1.0,-1.0,22.84889985672806
1629,1629,4,-1.0,-1.0,23.40702048105363
1630,1630,4,-1.0,-1.0,8.16325323129682
1631,1631,4,-1.0,-1.0,23.18037824275182
1632,1632,4,-1.0,-1.0,23.347345920912005
1633,1633,4,-1.0,-1.0,23.286423344696253
1634,1634,4,-1.0,-1.0,8.230920033988841
1635,1635,4,-1.0,-1.0,23.402188286363103
1636,1636,4,-1.0,-1.0,23.617108493434536
1637,1637,4,-1.0,-1.0,12.052043584203023
1638,1638,4,-1.0,-1.0,23.21155070033592
1639,1639,4,-1.0,-1.0,23.21784666482148
1640,1640,4,-1.0,-1.0,23.291983895599056
1641,1641,4,-1.0,-1.0,0.2473764602203956
1642,1642,4,-1.0,-1.0,20.757201890480783
1643,1643,4,-1.0,-1.0,22.35710135657365
1644,1644,4,-1.0,-1.0,22.19619506257773
1645,1645,4,-1.0,-1.0,8.027084182584748
1646,1646,4,-1.0,-1.0,23.36282160542308
1647,1647,4,-1.0,-1.0,22.778294304209933
1648,1648,4,-1.0,-1.0,11.835244123016668
1649,1649,4,-1.0,-1.0,23.509881954642783
1650,1650,4,-1.0,-1.0,20.22052953313921
1651,1651,4,-1.0,-1.0,22.90117282198004
1652,1652,4,-1.0,-1.0,8.065783097313139
1653,1653,4,-1.0,-1.0,23.416429392914168
1654,1654,4,-1.0,-1.0,19.52500965938449
1655,1655,4,-1.0,-1.0,7.668729065192271
1656,1656,4,-1.0,-1.0,23.65306835996977
1657,1657,4,-1.0,-1.0,22.86185225358792
1658,1658,4,-1.0,-1.0,20.846441351888668
1659,1659,4,-1.0,-1.0,7.803849917948298
1660,1660,4,-1.0,-1.0,23.416821595064626
1661,1661,4,-1.0,-1.0,21.15119943923631
1662,1662,4,-1.0,-1.0,21.98399278784416
1663,1663,4,-1.0,-1.0,7.993474565288651
1664,1664,4,-1.0,-1.0,23.920567117022067
1665,1665,4,-1.0,-1.0,20.445757349751148
1666,1666,4,-1.0,-1.0,7.869267802130589
1667,1667,4,-1.0,-1.0,23.724244035431067
1668,1668,4,-1.0,-1.0,23.711636741893177
1669,1669,4,-1.0,-1.0,22.45501025231949
1670,1670,4,-1.0,-1.0,7.741753525897186
1671,1671,4,-1.0,-1.0,23.67095579935889
1672,1672,4,-1.0,-1.0,23.085201003918804
1673,1673,4,-1.0,-1.0,21.00870540857317
1674,1674,4,-1.0,-1.0,8.020744570995847
1675,1675,4,-1.0,-1.0,24.01328249344463
1676,1676,4,-1.0,-1.0,20.67391893690328
1677,1677,4,-1.0,-1.0,7.989196128739783
1678,1678,4,-1.0,-1.0,23.384313463125263
1679,1679,4,-1.0,-1.0,23.28009013859364
1680,1680,4,-1.0,-1.0,19.020665448295567
1681,1681,4,-1.0,-1.0,7.642946822138522
1682,1682,4,-1.0,-1.0,23.79787457375161
1683,1683,4,-1.0,-1.0,21.57874590990472
1684,1684,4,-1.0,-1.0,22.73039821378249
1685,1685,4,-1.0,-1.0,7.8636024462767775
1686,1686,4,-1.0,-1.0,23.755417360473945
1687,1687,4,-1.0,-1.0,23.674028752208343
1688,1688,4,-1.0,-1.0,7.497459914555887
1689,1689,4,-1.0,-1.0,17.841041630333528
1690,1690,4,-1.0,-1.0,22.678655816594123
1691,1691,4,-1.0,-1.0,22.596550962465724
1692,1692,4,-1.0,-1.0,7.927497197982169
1693,1693,4,-1.0,-1.0,23.27841047841048
1694,1694,4,-1.0,-1.0,23.323976243966456
1695,1695,4,-1.0,-1.0,23.03524785536187
1696,1696,4,-1.0,-1.0,7.96722164708564
1697,1697,4,-1.0,-1.0,23.27156514067901
1698,1698,4,-1.0,-1.0,23.320734155115566
1699,1699,4,-1.0,-1.0,8.01812262594556
1700,1700,4,-1.0,-1.0,21.38270950375725
1701,1701,4,-1.0,-1.0,22.9715368564027
1702,1702,4,-1.0,-1.0,21.979615043992727
1703,1703,4,-1.0,-1.0,7.989317871422068
1704,1704,4,-1.0,-1.0,23.340459986310595
1705,1705,4,-1.0,-1.0,22.214416609289763
1706,1706,4,-1.0,-1.0,22.328774561735067
1707,1707,4,-1.0,-1.0,7.686873333394423
1708,1708,4,-1.0,-1.0,23.09918602473868
1709,1709,4,-1.0,-1.0,22.953308670621457
1710,1710,4,-1.0,-1.0,7.835441500918178
1711,1711,4,-1.0,-1.0,21.865718560533
1712,1712,4,-1.0,-1.0,22.86621453649388
1713,1713,4,-1.0,-1.0,22.917690256589587
1714,1714,4,-1.0,-1.0,7.847080944051038
1715,1715,4,-1.0,-1.0,22.77594417745921
1716,1716,4,-1.0,-1.0,23.22221730079284
1717,1717,4,-1.0,-1.0,21.43417670415928
1718,1718,4,-1.0,-1.0,7.787578283254949
1719,1719,4,-1.0,-1.0,22.835340490864347
1720,1720,4,-1.0,-1.0,23.206798866855525
1721,1721,4,-1.0,-1.0,8.081728601542238
1722,1722,4,-1.0,-1.0,22.93811969177427
1723,1723,4,-1.0,-1.0,21.91495898427295
1724,1724,4,-1.0,-1.0,22.70591101270551
1725,1725,4,-1.0,-1.0,8.009119881762336
1726,1726,4,-1.0,-1.0,22.230429205931927
1727,1727,4,-1.0,-1.0,23.12822718500138
1728,1728,4,-1.0,-1.0,23.41041727132683
1729,1729,4,-1.0,-1.0,7.990139731585815
1730,1730,4,-1.0,-1.0,22.20054200542005
1731,1731,4,-1.0,-1.0,23.020455655629284
1732,1732,4,-1.0,-1.0,8.122734649454069
1733,1733,4,-1.0,-1.0,12.77092556618538
1734,1734,4,-1.0,-1.0,22.77025640468836
1735,1735,4,-1.0,-1.0,23.177560177714906
1736,1736,4,-1.0,-1.0,7.885541964812803
1737,1737,4,-1.0,-1.0,22.52229244639664
1738,1738,4,-1.0,-1.0,22.87619172284399
1739,1739,4,-1.0,-1.0,23.16539912404244
1740,1740,4,-1.0,-1.0,8.020131096884729
1741,1741,4,-1.0,-1.0,22.47522492350725
1742,1742,4,-1.0,-1.0,22.94903866145782
1743,1743,4,-1.0,-1.0,7.987720293890237
1744,1744,4,-1.0,-1.0,22.80554166032319
1745,1745,4,-1.0,-1.0,23.140987586206897
1746,1746,4,-1.0,-1.0,22.942009167386857
1747,1747,4,-1.0,-1.0,7.973355638354498
1748,1748,4,-1.0,-1.0,22.76370662237997
1749,1749,4,-1.0,-1.0,23.198455760753536
1750,1750,4,-1.0,-1.0,23.335785063732008
1751,1751,4,-1.0,-1.0,8.09475230193515
1752,1752,4,-1.0,-1.0,23.167574375006904
1753,1753,4,-1.0,-1.0,22.31000898931389
1754,1754,4,-1.0,-1.0,7.665463503963126
1755,1755,4,-1.0,-1.0,23.07923074806724
1756,1756,4,-1.0,-1.0,23.08380343315043
1757,1757,4,-1.0,-1.0,17.36369206312408
1758,1758,4,-1.0,-1.0,7.918457504148677
1759,1759,4,-1.0,-1.0,23.24203433409804
1760,1760,4,-1.0,-1.0,23.30337191019352
1761,1761,4,-1.0,-1.0,23.014266274527017
1762,1762,4,-1.0,-1.0,7.9680692415684975
1763,1763,4,-1.0,-1.0,20.617922626947845
1764,1764,4,-1.0,-1.0,21.01596877395692
1765,1765,4,-1.0,-1.0,7.136872016947566
1766,1766,4,-1.0,-1.0,23.510409076131435
1767,1767,4,-1.0,-1.0,23.370371814945035
1768,1768,4,-1.0,-1.0,23.169366064918133
1769,1769,4,-1.0,-1.0,8.474539833915907
1770,1770,4,-1.0,-1.0,23.92370522473192
1771,1771,4,-1.0,-1.0,23.995697792830416
1772,1772,4,-1.0,-1.0,23.7876170437209
1773,1773,4,349.125,459.375,8.275792398030054
1774,1774,1,432.25,301.875,23.54538360924457
1775,1775,1,349.125,459.375,23.27569769313156
1776,1776,1,365.75,446.25,8.205381823872917
1777,1777,1,382.375,446.25,23.151206049566703
1778,1778,1,399.0,472.5,23.272339882481536
1779,1779,1,448.875,446.25,23.110513584845364
1780,1780,1,432.25,367.5,8.157378936661397
1781,1781,1,482.125,446.25,23.19730103423484
1782,1782,1,498.75,459.375,22.73397111032819
1783,1783,1,515.375,459.375,22.519269384818585
1784,1784,1,515.375,459.375,8.051708416439345
1785,1785,1,515.375,459.375,22.76197712028133
1786,1786,1,548.625,472.5,22.827883485000218
1787,1787,1,548.625,472.5,8.124748662438643
1788,1788,1,548.625,472.5,22.869206778478112
1789,1789,1,515.375,446.25,22.54081128141189
1790,1790,1,548.625,472.5,22.804797685975576
1791,1791,1,548.625,485.625,8.043663533048738
1792,1792,1,565.25,472.5,22.44383561643836
1793,1793,1,565.25,446.25,22.544324821147345
1794,1794,1,581.875,459.375,22.872075078661368
1795,1795,1,565.25,446.25,8.065814118959251
1796,1796,1,565.25,446.25,22.67485511633941
1797,1797,1,565.25,446.25,22.903799002877783
1798,1798,1,581.875,459.375,22.59058739887756
1799,1799,1,581.875,459.375,8.070640890207601
1800,1800,1,565.25,459.375,23.133074479350512
1801,1801,1,565.25,446.25,22.96575098695197
1802,1802,1,565.25,446.25,11.892999120991297
1803,1803,1,565.25,446.25,22.68307113228669
1804,1804,1,565.25,446.25,23.009089961544586
1805,1805,1,565.25,472.5,23.05018575102768
1806,1806,1,548.625,472.5,8.185045908261536
1807,1807,1,565.25,459.375,23.19678785934717
1808,1808,1,565.25,446.25,23.188964754664823
1809,1809,1,581.875,459.375,23.05829576690489
1810,1810,1,581.875,459.375,8.164826437014312
1811,1811,1,581.875,459.375,23.103384835715666
1812,1812,1,581.875,446.25,23.24912004523106
1813,1813,1,581.875,446.25,11.92285104338705
1814,1814,1,581.875,459.375,23.02449949771364
1815,1815,1,565.25,472.5,22.91418456764493
1816,1816,1,565.25,472.5,22.93310296184108
1817,1817,1,565.25,472.5,8.133429774262295
1818,1818,1,565.25,472.5,23.08481983147212
1819,1819,1,581.875,459.375,23.268853950536464
1820,1820,1,581.875,459.375,22.96751159517904
1821,1821,1,581.875,459.375,8.133492862863426
1822,1822,1,581.875,459.375,23.228004496846115
1823,1823,1,581.875,459.375,23.03347684737721
1824,1824,1,565.25,472.5,11.956124147681924
1825,1825,1,565.25,472.5,22.893047982403
1826,1826,1,581.875,472.5,23.023235644455667
1827,1827,1,565.25,472.5,22.93548563491803
1828,1828,1,565.25,472.5,7.950985744616318
1829,1829,1,565.25,472.5,21.185279469850794
1830,1830,1,565.25,485.625,20.9170311338962
1831,1831,1,565.25,498.75,7.826551995028988
1832,1832,1,581.875,485.625,21.632612642350225
1833,1833,1,581.875,485.625,21.2858049094886
1834,1834,1,581.875,485.625,19.198359515178147
1835,1835,1,581.875,485.625,8.059258348336865
1836,1836,1,581.875,485.625,0.2473088246471078
1837,1837,1,581.875,472.5,22.96562523955014
1838,1838,1,581.875,472.5,22.56081673488928
1839,1839,1,581.875,472.5,11.59714322843942
1840,1840,1,581.875,472.5,22.64694067082785
1841,1841,1,581.875,472.5,22.40463230541593
1842,1842,1,581.875,472.5,7.9017198276592895
1843,1843,1,581.875,472.5,23.10325757659216
1844,1844,1,581.875,485.625,23.399838210270858
1845,1845,1,598.5,485.625,22.643884057032107
1846,1846,1,598.5,485.625,8.059320291528719
1847,1847,1,598.5,485.625,22.968643557307924
1848,1848,1,598.5,485.625,22.955318636572603
1849,1849,1,598.5,485.625,22.053810763204247
1850,1850,1,598.5,485.625,8.036527720562171
1851,1851,1,598.5,485.625,22.39267085586764
1852,1852,1,598.5,485.625,19.66811407992348
1853,1853,1,598.5,485.625,8.001800942442337
1854,1854,1,598.5,485.625,23.091937126655104
1855,1855,1,598.5,485.625,22.896422215671503
1856,1856,1,598.5,485.625,20.59069509423217
1857,1857,1,598.5,485.625,7.32551466131993
1858,1858,1,598.5,485.625,22.652934028246605
1859,1859,1,598.5,485.625,22.668605122495634
1860,1860,1,598.5,485.625,21.77547036590937
1861,1861,1,598.5,485.625,7.234352577547191
1862,1862,1,598.5,485.625,23.48447639684433
1863,1863,1,598.5,485.625,23.08316822964822
1864,1864,1,598.5,485.625,8.013327831017776
1865,1865,1,598.5,485.625,23.401143749825646
1866,1866,1,598.5,485.625,23.28965590000722
1867,1867,1,598.5,485.625,22.756913661297062
1868,1868,1,598.5,485.625,7.958649897915038
1869,1869,1,598.5,485.625,22.9205707322138
1870,1870,1,598.5,485.625,23.83181435941726
1871,1871,1,598.5,485.625,22.551233937308456
1872,1872,1,598.5,485.625,7.925729543217039
1873,1873,1,598.5,485.625,20.28468071112143
1874,1874,1,598.5,485.625,20.2416076289018
1875,1875,1,598.5,485.625,7.590415126162956
1876,1876,1,598.5,485.625,23.74627186774613
1877,1877,1,598.5,485.625,23.10593031262912
1878,1878,1,598.5,485.625,23.112296459567432
1879,1879,1,598.5,485.625,8.031372549019608
1880,1880,1,615.125,485.625,22.81025462534941
1881,1881,1,615.125,485.625,19.989057808702285
1882,1882,1,615.125,485.625,21.08675913869296
1883,1883,1,615.125,485.625,8.078926586101556
1884,1884,1,598.5,485.625,22.16651692756503
1885,1885,1,598.5,485.625,21.74634217157315
1886,1886,1,598.5,485.625,7.8242597898758355
1887,1887,1,598.5,485.625,23.480400828528243
1888,1888,1,598.5,485.625,23.073771303458063
1889,1889,1,598.5,485.625,22.408821832325348
1890,1890,1,598.5,485.625,7.992454023853669
1891,1891,1,598.5,485.625,22.82415680811467
1892,1892,1,598.5,485.625,22.49366640567181
1893,1893,1,598.5,485.625,22.317131440186017
1894,1894,1,598.5,485.625,8.030050198535015
1895,1895,1,598.5,485.625,22.3746332511816
1896,1896,1,598.5,472.5,22.57113643946488
1897,1897,1,598.5,472.5,8.038576236363776
1898,1898,1,598.5,472.5,22.88830074597137
1899,1899,1,598.5,472.5,22.38287199355352
1900,1900,1,598.5,472.5,22.602274074473243
1901,1901,1,598.5,472.5,7.968250892421211
1902,1902,1,598.5,472.5,22.51346738091916
1903,1903,1,598.5,459.375,22.48667195642384
1904,1904,1,598.5,472.5,22.855000599396245
1905,1905,1,581.875,472.5,7.928606129574355
1906,1906,1,598.5,472.5,22.868583330152827
1907,1907,1,598.5,459.375,22.85637060166642
1908,1908,1,581.875,459.375,7.959676929616809
1909,1909,1,581.875,472.5,22.62031474150856
1910,1910,1,598.5,446.25,22.92771242401714
1911,1911,1,581.875,472.5,22.63154373280095
1912,1912,1,598.5,459.375,7.823821941674407
1913,1913,1,598.5,459.375,22.385380641304813
1914,1914,1,598.5,433.125,22.662603471006506
1915,1915,1,581.875,420.0,22.957077645564908
1916,1916,1,581.875,420.0,7.893362641167847
1917,1917,1,565.25,380.625,22.19196723826858
1918,1918,1,565.25,367.5,22.6915386280026
1919,1919,1,532.0,341.25,8.082164645308483
1920,1920,1,565.25,367.5,22.41169555645799
1921,1921,1,515.375,485.625,22.66603259694782
1922,1922,1,532.0,472.5,21.547816348233503
1923,1923,1,482.125,446.25,7.9080366149118095
1924,1924,1,399.0,446.25,22.354360756390303
1925,1925,1,399.0,446.25,23.0427143822484
1926,1926,1,399.0,446.25,21.69639661076568
1927,1927,1,365.75,446.25,7.901749600137149
1928,1928,1,399.0,420.0,22.71476460999399
1929,1929,1,365.75,433.125,23.282028509258847
1930,1930,1,382.375,420.0,7.566834625952326
1931,1931,1,399.0,420.0,23.40244943506765
1932,1932,1,415.625,406.875,21.582299063496965
1933,1933,1,399.0,406.875,21.4630232320131
1934,1934,1,382.375,446.25,7.971067540113761
1935,1935,1,365.75,446.25,22.69362579332659
1936,1936,1,382.375,446.25,23.614980969754296
1937,1937,1,382.375,446.25,23.75622465393416
1938,1938,1,399.0,433.125,8.363584156204636
1939,1939,1,399.0,446.25,24.36494815417236
1940,1940,1,399.0,420.0,24.52307422457392
1941,1941,1,399.0,420.0,8.376662878734924
1942,1942,1,399.0,420.0,24.157258459323256
1943,1943,1,399.0,420.0,23.93530972693811
1944,1944,1,399.0,433.125,23.882565965539627
1945,1945,1,399.0,433.125,8.18723477351073
1946,1946,1,399.0,433.125,23.512913226036112
1947,1947,1,399.0,433.125,23.64800072167971
1948,1948,1,382.375,446.25,23.617108493434536
1949,1949,1,399.0,433.125,8.18880124951191
1950,1950,1,399.0,433.125,23.242678311176626
1951,1951,1,399.0,433.125,23.1760233401114
1952,1952,1,399.0,420.0,8.177449888967091
1953,1953,1,382.375,446.25,23.13728562050761
1954,1954,1,382.375,446.25,22.995970240085967
1955,1955,1,382.375,446.25,23.05094582266237
1956,1956,1,382.375,446.25,8.131537571223346
1957,1957,1,365.75,459.375,23.06958324853832
1958,1958,1,365.75,459.375,23.473567566962537
1959,1959,1,399.0,446.25,23.120577696929608
1960,1960,1,382.375,446.25,8.142951440930023
1961,1961,1,399.0,446.25,22.898297219538023
1962,1962,1,382.375,446.25,23.183325134452435
1963,1963,1,382.375,446.25,8.132925100684675
1964,1964,1,382.375,446.25,23.211293794721666
1965,1965,1,382.375,446.25,22.827759242830787
1966,1966,1,382.375,446.25,22.75234613173055
1967,1967,1,382.375,446.25,8.11822248201404
1968,1968,1,399.0,433.125,22.69608177356428
1969,1969,1,382.375,446.25,22.688592695170502
1970,1970,1,382.375,446.25,22.74852069401281
1971,1971,1,382.375,446.25,8.0760487608573
1972,1972,1,382.375,446.25,23.00606100497496
1973,1973,1,382.375,446.25,23.06603093945743
1974,1974,1,382.375,446.25,8.175919626827705
1975,1975,1,382.375,446.25,23.13920028246094
1976,1976,1,382.375,446.25,23.03056792536748
1977,1977,1,382.375,446.25,22.95255502413292
1978,1978,1,399.0,446.25,8.145386751597304
1979,1979,1,399.0,446.25,23.03094730830899
1980,1980,1,399.0,446.25,23.20833978884929
1981,1981,1,399.0,446.25,23.017550021402464
1982,1982,1,399.0,446.25,8.151877478037783
1983,1983,1,399.0,446.25,22.60629416235037
1984,1984,1,399.0,446.25,22.895922266499262
1985,1985,1,399.0,446.25,22.42295807627744
1986,1986,1,399.0,446.25,8.116211702829633
1987,1987,1,399.0,446.25,22.708369652902228
1988,1988,1,399.0,446.25,22.832854280985977
1989,1989,1,399.0,446.25,11.83464302543107
1990,1990,1,399.0,446.25,22.939499677317027
1991,1991,1,399.0,446.25,22.82999580881673
1992,1992,1,382.375,446.25,22.87045377711376
1993,1993,1,399.0,446.25,8.114876970046396
1994,1994,1,399.0,446.25,22.702961347139603
1995,1995,1,399.0,446.25,22.57879125552451
1996,1996,1,382.375,446.25,22.801078542228407
1997,1997,1,382.375,446.25,8.051275652703048
1998,1998,1,382.375,446.25,22.234082367222744
1999,1999,1,382.375,472.5,21.822033766031065
2000,2000,1,382.375,446.25,11.360489272780953
2001,2001,1,382.375,446.25,22.09156220372906
2002,2002,1,399.0,446.25,20.82170781229057
2003,2003,1,399.0,446.25,20.79455830879218
2004,2004,1,382.375,446.25,8.015900681894628
2005,2005,1,399.0,446.25,22.399008832922128
2006,2006,1,399.0,446.25,20.962715659423043
2007,2007,1,399.0,446.25,20.986840393487245
2008,2008,1,399.0,446.25,8.053254381063743
2009,2009,1,399.0,446.25,22.76951473071056
2010,2010,1,382.375,446.25,21.55124858699003
2011,2011,1,382.375,446.25,11.760346335883
2012,2012,1,399.0,446.25,21.30375201263708
2013,2013,1,399.0,446.25,21.43790154818067
2014,2014,1,399.0,446.25,20.860126922235263
2015,2015,1,399.0,446.25,7.8621873816727215
2016,2016,1,399.0,446.25,21.36593516311103
2017,2017,1,382.375,446.25,21.014915801129334
2018,2018,1,399.0,446.25,7.754979634022553
2019,2019,1,399.0,446.25,23.165271180824035
2020,2020,1,399.0,446.25,21.52382125336125
2021,2021,1,399.0,446.25,21.34277761664148
2022,2022,1,399.0,446.25,8.018429197660792
2023,2023,1,399.0,446.25,22.82303904230717
2024,2024,1,399.0,446.25,22.67485511633941
2025,2025,1,399.0,446.25,22.39613836115294
2026,2026,1,382.375,446.25,8.019211061655884
2027,2027,1,382.375,446.25,23.1554237952489
2028,2028,1,399.0,459.375,23.07910375489721
2029,2029,1,432.25,459.375,22.634963465046248
2030,2030,1,532.0,485.625,0.2457412334331499
2031,2031,1,532.0,485.625,22.385619589466607
2032,2032,1,548.625,485.625,22.461985015717964
2033,2033,1,565.25,472.5,11.639237538121709
2034,2034,1,565.25,472.5,22.43135241517991
2035,2035,1,581.875,472.5,20.43758801315629
2036,2036,1,581.875,472.5,20.94575671923534
2037,2037,1,581.875,472.5,8.003114004625212
2038,2038,1,581.875,472.5,21.142137045960904
2039,2039,1,581.875,459.375,21.95648805410725
2040,2040,1,581.875,472.5,8.048788163727428
2041,2041,1,581.875,472.5,20.79888921947833
2042,2042,1,581.875,472.5,21.473901935787755
2043,2043,1,598.5,485.625,22.19384607243961
2044,2044,1,598.5,525.0,7.948725529213334
2045,2045,1,598.5,525.0,20.83774169829693
2046,2046,1,598.5,525.0,21.018812327737407
2047,2047,1,598.5,525.0,22.154574265793364
2048,2048,1,615.125,525.0,7.920954827013144
2049,2049,1,598.5,525.0,22.174485857784827
2050,2050,1,598.5,525.0,22.03666206070413
2051,2051,1,598.5,525.0,7.976949541938711
2052,2052,1,615.125,525.0,22.63899519077665
2053,2053,1,615.125,472.5,21.223549652118912
2054,2054,1,615.125,446.25,22.42799392552349
2055,2055,1,615.125,446.25,8.049267001740619
2056,2056,1,615.125,446.25,23.24254951290605
2057,2057,1,615.125,446.25,22.71218159764339
2058,2058,1,615.125,446.25,22.7451899091126
2059,2059,1,615.125,446.25,8.062527151869778
2060,2060,1,615.125,459.375,23.146095690083328
2061,2061,1,615.125,459.375,21.231284769150555
2062,2062,1,615.125,459.375,8.06812590288558
2063,2063,1,615.125,459.375,22.26902472563938
2064,2064,1,615.125,459.375,21.45358198725359
2065,2065,1,598.5,459.375,22.500906623177364
2066,2066,1,598.5,459.375,8.121193345518758
2067,2067,1,615.125,472.5,22.7450665654402
2068,2068,1,615.125,472.5,22.758765884944708
2069,2069,1,615.125,472.5,21.707288545240942
2070,2070,1,631.75,485.625,7.981928731148009
2071,2071,1,631.75,485.625,21.562327781205017
2072,2072,1,631.75,459.375,22.025899824603783
2073,2073,1,648.375,459.375,8.052125768390498
2074,2074,1,648.375,446.25,20.955384354047386
2075,2075,1,665.0,433.125,22.14217689229568
2076,2076,1,665.0,433.125,22.283458626643643
2077,2077,1,665.0,433.125,7.983007361953849
2078,2078,1,648.375,446.25,21.8190822500013
2079,2079,1,648.375,433.125,21.35842792180347
2080,2080,1,665.0,433.125,22.477754316766525
2081,2081,1,665.0,433.125,7.627186019657583
2082,2082,1,665.0,433.125,20.45592832652981
2083,2083,1,648.375,446.25,22.423917111298824
2084,2084,1,648.375,446.25,7.876671605661628
2085,2085,1,648.375,446.25,22.58037146702557
2086,2086,1,648.375,446.25,20.62420833169427
2087,2087,1,648.375,446.25,21.934900845117564
2088,2088,1,631.75,459.375,7.594139501872144
2089,2089,1,648.375,446.25,20.74806335763824
2090,2090,1,648.375,446.25,21.10777065960777
2091,2091,1,648.375,446.25,21.893224762501305
2092,2092,1,648.375,459.375,7.958982143873698
2093,2093,1,648.375,446.25,22.00752420179972
2094,2094,1,648.375,446.25,22.448400252619862
2095,2095,1,648.375,446.25,8.08359769188962
2096,2096,1,648.375,446.25,21.14277648956548
2097,2097,1,648.375,420.0,21.09344008368369
2098,2098,1,665.0,420.0,22.573565977417307
2099,2099,1,665.0,393.75,8.000961419237923
2100,2100,1,698.25,420.0,21.06335623317665
2101,2101,1,731.5,367.5,20.10287478072488
2102,2102,1,714.875,367.5,22.74987796014449
2103,2103,1,731.5,367.5,7.897672859695602
2104,2104,1,731.5,367.5,21.02123522129837
2105,2105,1,731.5,354.375,21.05902022905171
2106,2106,1,714.875,367.5,8.054615321095456
2107,2107,1,648.375,393.75,21.27058441690164
2108,2108,1,631.75,380.625,21.004391873281687
2109,2109,1,615.125,380.625,22.70898439614939
2110,2110,1,631.75,420.0,7.746886878530082
2111,2111,1,615.125,420.0,20.641767760033467
2112,2112,1,465.5,301.875,22.841185215842813
2113,2113,0,465.5,301.875,22.886427378782752
2114,2114,0,349.125,406.875,7.0914295278978665
