yaw,pitch,class
0.8405703390684018,-0.5231937087964978,3.0
0.76324039681188,-0.5410251701912323,3.0
0.8448183473231873,-0.5849481534176912,3.0
0.8145717615587214,-0.5341877704085629,3.0
0.8374035742161886,-0.5001323316530656,3.0
0.803035480348716,-0.4883992428385035,3.0
0.6916301256285213,-0.47525947233616156,1.0
0.7628955174507147,-0.4869869685124345,3.0
0.7625892539253556,-0.46176363719607605,3.0
0.7500950336712489,-0.47583764460881783,3.0
0.5279328039562938,-0.3989886692451643,1.0
0.2699768902423467,-0.5254310304282733,1.0
0.32555173587012026,-0.5251423437661088,1.0
0.46375142063371116,-0.4403158693571229,1.0
0.656834594406091,-0.43702153908869484,1.0
0.39502082553705525,-0.8212672148552894,2.0
0.448520003411221,-0.8376541776747651,2.0
-0.08300700275224375,-0.7878615874057715,3.0
0.14369192187966132,-0.8082624666202146,2.0
0.23268224865298612,-0.8251969753598104,2.0
0.4064154265770682,-0.7973030261023205,2.0
0.28492654502150655,-0.7688093329673447,2.0
0.7436011816691998,-0.8059138248548737,1.0
0.4129585470592839,-0.9511389285740935,2.0
0.37218102339631765,-0.9131196408521224,2.0
0.16042616090528322,-0.9046675665005379,2.0
0.682441420919421,-0.8826666601031753,2.0
0.16961886035601875,-0.891360549481739,2.0
-0.09474381999233196,-0.816137966595797,3.0
0.7770472891672868,-0.8466676463841383,1.0
0.8006777838356689,-0.8455789461305139,1.0
0.86194700050625,-0.8745578672161022,1.0
0.7494353686692362,-0.8666514745718747,1.0
0.7574538803953559,-0.8728174914437352,1.0
0.7484649127680114,-0.8758622835180229,1.0
0.4155623196570544,-0.9108357139012704,2.0
0.6835421053979508,-0.9877125192983153,2.0
0.7108570834344574,-0.9889217275912658,2.0
0.7279868018819561,-0.9883914922182311,2.0
0.7200556418395911,-0.986169883236887,2.0
0.6942307024329837,-0.9897829938877974,2.0
0.7439732252734838,-0.9722410181035546,2.0
0.7014244331695058,-0.928128684123591,2.0
0.6052531588328913,-0.8902223144318392,2.0
0.830192532932581,-0.9286634468704789,2.0
0.8608215486295824,-0.8912076840351685,1.0
0.8737179062082912,-0.8648604987387967,1.0
0.8863431539880297,-0.9015695112044487,1.0
0.8260739543067734,-0.8681148815908734,1.0
0.8353329664686521,-0.8662842246575528,1.0
0.8559759270261833,-0.8932500622751504,1.0
0.8483017620290109,-0.8434098014226443,1.0
0.9657500955787043,-0.8483544926185944,1.0
0.9861653558630337,-0.9050278921960256,1.0
1.0120041437073095,-0.879695903907192,1.0
1.0192010702371397,-0.8805806060213163,1.0
0.9558479300135717,-0.8967779517711782,1.0
0.9082154297047415,-0.9163263531206869,1.0
0.9243485932723325,-0.9238785453399335,1.0
0.9347647489278503,-0.8528395222103968,1.0
0.9109654098463573,-0.807470442512025,1.0
0.9325332862504732,-0.8019478453595277,1.0
0.9889707297553233,-0.7704714118036632,3.0
0.9525828945171345,-0.8006010847962747,1.0
0.9198276110058141,-0.793693910193045,1.0
0.8166751261876658,-0.7584275320898889,1.0
0.8166751261876658,-0.7584275320898889,1.0
0.8047311150147696,-0.785224525294375,1.0
0.8377955915286482,-0.76011570990489,1.0
0.8448851926665482,-0.7569137913262878,1.0
0.8277946226870737,-0.8033446733512742,1.0
0.8271149839768854,-0.851261599264525,1.0
0.8937936134536355,-0.8149379462086073,1.0
0.7396977864594705,-0.8484668780165958,1.0
0.888404174355642,-0.8151355527614911,1.0
0.8632889673795409,-0.7964960882920264,1.0
0.9364401435696194,-0.8380424665616987,1.0
0.9132426788944841,-0.8194967453626049,1.0
0.8981572028997302,-0.8285208667163384,1.0
0.8643843255358904,-0.817050365585258,1.0
0.8537647043730904,-0.8085383701091469,1.0
0.7854468992453968,-0.8184370735648623,1.0
0.6760005658230643,-0.8043231187357693,1.0
0.7124272832131682,-0.820309542127297,1.0
0.8106547842274328,-0.6476200570344168,3.0
0.8100989825079332,-0.6471713143907386,3.0
0.7923476822620101,-0.6165108733928744,3.0
0.8594936965100689,-0.6088308494413037,3.0
0.7956300283055328,-0.6132493000058543,3.0
0.8073399476186112,-0.5394192840539146,3.0
0.8083016150882388,-0.5397093022966242,3.0
0.803201927916846,-0.5806301040262367,3.0
0.7794763583975481,-0.6232348225131064,1.0
0.7666982451712389,-0.5999028682029222,3.0
0.5046378675852617,-0.5104131987252075,1.0
0.6371788676646523,-0.49835147583212963,1.0
0.9817141484170754,-0.7796031248654358,3.0
0.9887435621143394,-1.0383242979186171,2.0
1.0271189144740542,-1.075198825846018,2.0
0.9204414696370773,-0.8554510179753285,1.0
0.7042969187212652,-0.39931277594982695,3.0
0.495370865940113,-0.22629865152006615,1.0
0.4974931390127971,-0.2187786835500094,1.0
0.395081545609909,-0.18673712721083008,1.0
0.4784944141122809,-0.15990950765380785,1.0
0.49451412701743447,-0.1866907882078627,1.0
0.4919324586567117,-0.1848729144477746,1.0
0.40499489645161996,-0.2567558933267574,1.0
0.09665596965500885,-0.2865287027332982,3.0
0.0988325712139306,-0.28379736471931294,1.0
0.062177887234516,-0.2971043817381119,3.0
0.06327138117810253,-0.30232071536525007,3.0
0.08207329847406196,-0.251165119250354,3.0
0.16421157807872186,-0.2828705846599654,1.0
0.21913288397498995,-0.26522474559320935,1.0
0.1389485656621212,-0.3752673607836105,1.0
0.08124665327170137,-0.3145206563189031,3.0
0.10955499039480764,-0.3238925865110009,1.0
0.07721249685244934,-0.38248079891219916,3.0
0.12943575424835815,-0.3699852470775473,1.0
0.454401594678661,-0.38512451892632077,1.0
0.42460641471896354,-0.39391880947798047,1.0
0.43533895391198285,-0.30109299810272355,1.0
0.4996524300246334,-0.3078334588217141,1.0
0.4481871082749611,-0.23587750932886314,1.0
0.41257079080456843,-0.2395484105754284,1.0
0.4280339030418955,-0.228174848508027,1.0
0.3921922821432821,-0.2575367321583686,1.0
0.42996283061943985,-0.25021676758617684,1.0
0.39386634520450586,-0.24844976020290924,1.0
0.39278004179586257,-0.24515942467611632,1.0
0.4129071480502454,-0.26681145697067854,1.0
0.5243441943874121,-0.2953064816861994,1.0
0.5251199732129521,-0.29451552284244586,1.0
0.5749498477372067,-0.29782343523243326,1.0
0.5848264469558746,-0.3058110542899079,1.0
0.6698673058326118,-0.32124780123244323,3.0
0.641976019736212,-0.2920238693265677,3.0
0.6017273998657354,-0.2970585753673625,1.0
0.5436619659865198,-0.6231274971211762,1.0
0.8670277792339031,-0.7878221726216385,1.0
1.0570315398378243,-0.8567301342468937,1.0
1.029359431899138,-0.8135411182168606,1.0
0.9998686512520365,-0.7898869214147769,3.0
0.9516654355216022,-0.7756659075098626,3.0
0.9775620139615329,-0.6368768651970372,3.0
0.9125811496797084,-0.6018986411238275,3.0
0.7930313157138333,-0.474634162112211,3.0
0.6724782689653256,-0.36382668705673904,3.0
0.7039930520408871,-0.36986433956405773,3.0
0.6614977894748199,-0.3536198558629014,3.0
0.6652853371771305,-0.355151972438024,3.0
0.5843942159109546,-0.34632545763717437,1.0
0.6293366572026959,-0.32117855904410114,1.0
0.6498573786661925,-0.3698813837950342,1.0
0.637510164904258,-0.4053123452535574,1.0
0.3738505590836883,-0.4231347519005857,1.0
0.4975740991099355,-0.40973798635305114,1.0
0.4822795649696105,-0.4094245322927488,1.0
0.4830100700566192,-0.4072002601503146,1.0
0.4721606180917454,-0.4301188918593185,1.0
0.6769004479554022,-0.46833045981199345,1.0
0.5889516834844073,-0.5018194442036309,1.0
0.6178975813724785,-0.30941031650315004,1.0
0.6092716026017119,-0.31831060086619484,1.0
0.6079823663180046,-0.3187425655950057,1.0
0.5883444827558693,-0.3776945658011087,1.0
0.6889035813044982,-0.33642675418145884,3.0
0.4824153861852045,-0.28249321473350114,1.0
0.45151898911475924,-0.30540412327534383,1.0
0.4602536248580011,-0.28649940796130735,1.0
0.5513816710383325,-0.19668216966951296,1.0
0.7061081345786282,-0.32310775293775457,3.0
0.48920671328101556,-0.11567813037311782,1.0
0.4704410149758812,-0.11932825896318043,1.0
0.42922833079079603,-0.1410495334460847,1.0
0.4474605979295875,-0.09742855268724084,1.0
0.3516350019024653,-0.11370446168926009,1.0
0.3865293364013375,-0.07648438861042167,1.0
0.3795278858955193,-0.08266505286827756,1.0
0.3731530771941966,-0.09747888643184334,1.0
0.3665660145539946,-0.09478643056977322,1.0
0.3690046711641802,-0.08631518145834018,1.0
0.3848904270665028,-0.07655975606927092,1.0
0.4217831976473705,-0.06941635907735137,1.0
0.42354514502456697,-0.11820547024760301,1.0
0.3609099930308843,-0.10034577934531362,1.0
0.34281274815935986,-0.06343063821128928,1.0
0.3308615464515202,-0.07364039888232606,1.0
0.2999417135634823,0.024308269165807254,1.0
0.04467665781495129,0.0807065642026333,3.0
0.0886521053148847,0.11519849506079455,3.0
-0.07400764879664798,0.09339226573911673,3.0
-0.07394293398215905,0.09062657294706944,3.0
-0.05650615306097426,0.08551383628633533,3.0
-0.05087569788432873,0.08991284577492821,3.0
-0.046480683137370964,0.08122481535076272,3.0
-0.06104764166788638,0.048170192532917225,3.0
0.4082937540939012,-0.38698367168330505,1.0
0.001744903146219917,-0.8379977254553853,2.0
-0.4119297679301864,-0.5742805953552698,3.0
0.19840177278537713,-0.07966553453252131,1.0
0.11030706708664602,-0.09302182003148671,1.0
0.10308883526809524,-0.04390247688606525,1.0
0.12756328568592346,-0.04985304402573829,1.0
0.3925036056747123,-0.14640541671434307,1.0
0.30197636863630284,-0.1339111964602363,1.0
0.3202765463828913,-0.09735904418278976,1.0
0.264372001412166,-0.07871398707503602,1.0
0.41752347148378877,-0.10169520306965676,1.0
0.4147274186553146,-0.3865471795806411,1.0
0.3196435129917795,-0.3078619546453779,1.0
0.5745647546435813,-0.42720832310397094,1.0
0.5523326858635997,-0.46100969629147465,1.0
0.3924090634560145,-0.29827697156607375,1.0
0.38399826810132626,-0.36873649084240917,1.0
0.27376443794465743,-0.3383884386404112,1.0
0.4054550906879857,-0.25620435266500197,1.0
0.2895774895492209,-0.3753528482546021,1.0
0.3523559196095498,-0.2489554944939153,1.0
0.38816824573617237,-0.21734537025132875,1.0
0.2760126785369023,-0.19271139648420482,1.0
0.4429289630187086,-0.2630457471893065,1.0
0.3979473732589433,-0.27805239361579404,1.0
0.5107823128522925,-0.29859575194855625,1.0
0.4785450141729924,-0.10582203749484358,1.0
0.5264651358795511,0.051426173281648106,1.0
0.5369052599848797,0.20752869215718767,3.0
0.6195522033577447,0.2098182117463288,3.0
0.644328389927079,0.21033326710115013,3.0
0.6083064730226672,0.20915961200875222,3.0
0.6615651674503988,0.14854366875356767,3.0
0.700423084599636,0.21456822586659416,3.0
0.7176500084269225,0.24830648213626294,3.0
0.6941880918555424,0.2383459933432576,3.0
0.6639401745105314,0.2632111294930004,3.0
0.668056622607467,0.2614382631553347,3.0
0.6443558204863068,0.23191073088519013,3.0
0.590318950388054,0.2508820252264786,3.0
0.5964809725182794,0.3111275227740331,3.0
0.5983630284606384,0.1404370063953665,3.0
0.6315087313877645,0.10159426926434278,3.0
0.5906313391839203,0.11532898995420844,3.0
0.5573175907920102,0.13525529386239932,3.0
0.5787238133179581,0.210193184827812,3.0
0.5663574247961751,0.1950288792647918,3.0
0.5870517843627449,0.21393652405602734,3.0
0.6016341892275827,0.3299491474620591,3.0
0.6766996456092101,0.292235058001011,3.0
0.6810541803075987,0.28759796191096504,3.0
0.7080679548248174,0.312466027537907,3.0
0.6986957583166106,0.2880554929862406,3.0
0.6808997169643741,0.34658005583738594,3.0
0.5921192472849476,0.4747579991028997,3.0
0.6255877253361913,0.3718854125153188,3.0
0.6374997785760068,0.283228779826581,3.0
0.7785818025873905,0.2239872940099864,3.0
0.8342189661846718,-0.14420617828615562,3.0
1.1366568606378855,-0.6825897589921384,3.0
1.1684688524911,-0.7555470570548591,3.0
1.052012546447461,-0.8170604855974004,3.0
-0.12072402169049096,-0.9422631452930776,3.0
1.1944671636846715,-0.9551038428050036,1.0
1.3412744514075075,-1.115805907199219,2.0
1.3202088471849807,-1.1493236537306293,2.0
1.2276157960889966,-1.1180879699373079,2.0
1.222987754746657,-1.1251983437317106,2.0
1.4890505971349142,-1.1917046666859323,2.0
1.4822073383978467,-1.1185391094259673,2.0
1.3327965443933492,-1.1444816273947016,2.0
1.5995366286468138,-1.1673224947998753,2.0
1.4902926954673272,-1.174821290639266,2.0
1.5403723745018314,-1.096852988669452,2.0
0.8559109458955854,-1.1085189658245442,2.0
1.1552814114052457,-0.8808344052732008,1.0
1.2964443955137677,-0.9077754754926605,1.0
0.7621453049716395,-0.6089208642861484,3.0
0.3685458085083595,-0.1455558683266078,1.0
0.48476535953109046,-0.26284547747533255,1.0
0.39795216694890545,-0.2364231910362204,1.0
0.37962855338472423,-0.23294190685926883,1.0
0.41465178488035637,-0.17516489332610877,1.0
0.4169655392354171,-0.1389957036134156,1.0
0.4629543365194505,-0.14946964986458822,1.0
0.3598255538350041,-0.12576538563401096,1.0
0.47490180980176394,-0.3500975590051626,1.0
0.717798080183531,-0.9222068791236909,2.0
1.1973540303063175,-1.0892784258970487,2.0
0.8959955150429129,-1.110742305860597,2.0
0.698945030194642,-1.1392220173998497,2.0
1.4125789916977252,-1.177409084270496,2.0
1.5553819504055177,-1.0905712574482276,2.0
1.2542769680778891,-1.2016816670776962,2.0
1.3536416388776176,-1.1525179823001248,2.0
1.409385328918502,-1.1050914775016123,2.0
1.4262111806856228,-1.1916057302514358,2.0
0.8528666864535157,-1.1920532744726238,2.0
0.7671943920823208,-1.2137937237153766,2.0
1.2699872216643755,-1.153890442367897,2.0
0.07930414357259756,-1.1874104525862341,2.0
1.5868226976027753,-1.1641955442059588,2.0
1.49401259887795,-1.177600698710927,2.0
1.741344097739135,-1.2233266419953697,2.0
1.6731948707084434,-1.1179733208523799,2.0
1.4910506311135638,-1.136678165926606,2.0
1.3626910602617066,-1.1058677889593704,2.0
1.4946427027918625,-1.1651797153867975,2.0
1.3949850842722256,-1.1293570029319238,2.0
1.4949026273142545,-1.1878292346676491,2.0
1.4343854873355117,-1.112680687660011,2.0
-0.07798001987861017,-1.1554756890067668,3.0
-1.3007220980147074,-1.1869286867450388,3.0
1.2069408775983848,-1.270307599943512,2.0
1.2779695143996699,-1.253148453565968,2.0
1.238415713257595,-1.2706801761800142,2.0
1.4429092007204196,-1.2768858741521167,2.0
1.3777757373081334,-1.288551851307209,2.0
1.3836591927883366,-1.2922411283652957,2.0
1.4268934825569008,-1.2929489965830387,2.0
1.5112272721642221,-1.2708548795475234,2.0
0.36067403695830325,-1.3118944582617533,2.0
1.1735309890911225,-1.2954494385305142,2.0
-1.8287738121136732,-1.3192245428460874,3.0
1.9932988442526973,-1.3330034720100483,2.0
1.848889999407587,-1.2922585720704356,2.0
1.6912250039204975,-1.2469263771531613,2.0
2.0261020646636396,-1.24863133288303,2.0
1.6278108773079671,-1.2322676727230928,2.0
1.5094584005681915,-1.2225157094434405,2.0
1.445485010126744,-1.1961793099494835,2.0
1.412512945302691,-1.1973646829506777,2.0
1.1969103476687102,-1.2387049325519777,2.0
1.4211224124746993,-1.2171606251235092,2.0
0.9410127911612853,-1.2069970702973853,2.0
0.7830154331701544,-1.270077502825329,2.0
2.2092828065547776,-1.3635278254762095,2.0
1.3900273435869341,-1.3277843420637656,2.0
1.5437929386059293,-1.24503420119866,2.0
1.6059836090136776,-1.3058966200127313,2.0
1.424336315278207,-1.1519572537326088,2.0
0.9814608817974089,-0.7269484353729343,3.0
0.8165560828869393,-0.4734637028131211,3.0
0.7094176448652696,-0.4932512560285189,1.0
0.7793802182821962,-0.5031153383900634,3.0
0.7764222452594453,-0.5023299721845991,3.0
0.7481538555526901,-0.4835006243294118,3.0
0.7254791693995375,-0.2984367612314785,3.0
0.6728772104966194,-0.3107139338567438,3.0
0.6261216891347522,-0.19466642304043197,1.0
0.5902052334095076,-0.25104288015631937,1.0
0.7107905044072054,-0.24154391718022478,3.0
0.6558308489912402,-0.19867421416489223,3.0
0.6978864236613356,-0.21006641835992418,3.0
0.7726179196422669,-0.31719606794999666,3.0
0.7439732252734838,-0.23533608867925007,3.0
0.7324840820147729,-0.23905652472209077,3.0
0.7403137756196058,-0.24376552616156885,3.0
0.6734535185565126,-0.27578897300533567,3.0
0.5618268551497323,-0.279732581947525,1.0
0.7889995561395624,-0.31125615345468394,3.0
0.6787377627914477,-0.27178144819698447,3.0
0.6712090063897937,-0.26841467994690626,3.0
0.6364206657023067,-0.2688855268276322,1.0
0.9308677453047376,-0.7054359527194921,3.0
1.4880348674951582,-0.9497851106339519,1.0
1.4139345406925754,-0.8944048089238085,1.0
1.2257622359703015,-0.8932540570167854,1.0
1.7233118339982083,-1.0466793000484684,2.0
1.6500061944649054,-1.2506991443114222,2.0
1.3148210059836414,-1.2400370457292353,2.0
1.8883868089023341,-1.2358465617539958,2.0
1.2498566533005755,-1.2347369556858143,2.0
1.9342368554935743,-1.3189238719590175,2.0
1.88583763110691,-1.3176032103744473,2.0
2.0162632823324507,-1.2341666397383737,2.0
1.6462830952609746,-1.2513711930125035,2.0
2.202530095294773,-1.262523046919156,2.0
2.3174561489760523,-1.2564873917826547,2.0
2.184087172113756,-1.2331244116457711,2.0
1.9091605306693882,-1.2470736499614428,2.0
2.1226762752731827,-1.2867733923312539,2.0
2.1645374391837024,-1.298535509601698,2.0
2.1066962434682717,-1.3072400516246219,2.0
2.005248980696101,-1.3033254711383144,2.0
1.732466716561465,-1.2325056261664913,2.0
1.7001375388245568,-1.1957071314882124,2.0
1.9148900554385844,-1.190822627732898,2.0
1.899657306635549,-1.2062516515082722,2.0
1.9040408697898197,-1.2336277490917962,2.0
1.8475632125525092,-1.2496880752035735,2.0
1.9485263126385033,-1.2524196795336677,2.0
1.685290415747365,-1.2815035291662051,2.0
1.5187698770035445,-1.241033866925252,2.0
1.7749579843858971,-1.2409762094876517,2.0
1.7778586994452115,-1.2127347177079066,2.0
1.3500708724880393,-1.2862263790433517,2.0
1.6333417302598434,-1.3224042240295877,2.0
1.0101412625247992,-1.2939237135420076,2.0
2.15027035259193,-1.2041992864142026,2.0
2.2911947174667806,-1.2457529883768723,2.0
1.6490474564724766,-1.2405193442026488,2.0
1.8254904008057145,-1.2609476539763196,2.0
1.8912241407277044,-1.262013451044569,2.0
1.892958391229564,-1.2550134652773506,2.0
1.7085802921123263,-1.2643141559102886,2.0
1.673060647389503,-1.2574364092371044,2.0
-1.1341644081736804,-1.3121051143039786,3.0
1.7748732958632325,-1.2723449181774227,2.0
0.9685919547779279,-1.258495548402629,2.0
-0.03913728274758647,-1.22695719635142,2.0
0.12453793468759344,-1.2051652149415744,2.0
1.3253886955051848,-1.2266571912546227,2.0
1.5413438956674923,-1.1590005158675412,2.0
-1.4069032627825482,-0.9852489621319376,0.0
0.3888071380816824,-0.2999214735391977,1.0
0.3655367027926789,-0.24325073712285653,1.0
0.20679898601850596,-0.1203996486697193,1.0
0.41717805949040543,-0.20101406749863585,1.0
0.32454932203581444,-0.216882779169982,1.0
0.4487479700005318,-0.1283150960616528,1.0
0.48103560242443444,-0.11267887835347058,1.0
0.461360168290929,-0.1414258381081129,1.0
0.45726688969547724,-0.1020792308988462,1.0
0.4174853882802006,-0.08500330830536715,1.0
0.21914619978044034,-0.226898395397552,1.0
0.4511615928964706,-0.3640360115184193,1.0
0.5853939665841704,-0.3889165940024846,1.0
1.15035962339467,-0.7915806918680672,3.0
1.3773624147069532,-1.2589813089854596,2.0
1.2655570531910287,-1.270183097162551,2.0
1.2235158595908198,-1.2717398479777566,2.0
1.627954155374613,-1.1971236668720255,2.0
1.6382339571823192,-1.237068952694342,2.0
1.6381439423374746,-1.2383836221664597,2.0
1.3119618362373324,-1.252291581485235,2.0
1.2820207150498983,-1.2705362323230953,2.0
1.4796421816358825,-1.247722396002986,2.0
1.417083994997703,-1.2781909562443101,2.0
1.316823436807272,-1.2414589074352287,2.0
1.4230345621373763,-1.170323477874231,2.0
1.8095252827029074,-1.1518091819760001,2.0
0.7491647915024842,-1.1672762889549624,2.0
1.5158947282906952,-1.2095174859530362,2.0
1.3664727490096193,-1.1674302196659692,2.0
1.2388439495608798,-1.2202496256718922,2.0
0.34238531080440215,-1.2393944249581992,2.0
1.6836632243213268,-1.2180226903683677,2.0
0.40775419765705107,-1.2508255113051463,2.0
1.5934763392702291,-1.289650272098812,2.0
1.386867769269664,-1.2863496834018222,2.0
1.1386771346408195,-1.2621539327920708,2.0
1.111608765321254,-1.275317538586169,2.0
1.503926482351879,-1.2568305400891115,2.0
1.565604760565896,-1.2218652323471886,2.0
1.7047900812489252,-1.2128853194675504,2.0
1.9317201682634493,-1.2680581609287767,2.0
2.12385818616496,-1.3055896906970996,2.0
2.1960660706969324,-1.3155895942742382,2.0
1.8952087623506808,-1.2788313133284197,2.0
1.3994959465266017,-1.1956671840718611,2.0
2.174276619290122,-1.2729830115746057,2.0
1.86398106804063,-1.2730253558359377,2.0
1.0710205924117926,-1.2770002569209356,2.0
1.5120523194699287,-1.3130784996824025,2.0
1.5183549565057102,-1.3112226758767809,2.0
1.5498202047849965,-1.3118675603347434,2.0
0.05776929036599883,-1.2971719711235774,2.0
-0.6972712334495271,-1.214711981659236,3.0
1.6313118688769852,-1.2826665316142427,2.0
1.671100028194987,-1.2223782903311924,2.0
2.079645451011901,-0.9029692686733944,1.0
0.6332304650325008,-0.3380819087989431,1.0
0.5730390296550749,-0.3229008253210554,1.0
0.6189258278693581,-0.25345810094891225,1.0
0.5286017900221217,-0.28092434653533543,1.0
0.8367822587338731,-0.5247034548184637,3.0
0.9603902175688108,-0.6054984359692877,3.0
1.0167730662713146,-0.6592402278187597,3.0
0.8526776020161202,-0.5921227093943647,3.0
0.5931954306814485,-0.5347363815931192,1.0
-0.2246264526716054,-0.7055912150110437,3.0
0.3983673537628488,-0.7146369079696069,2.0
0.6518409010460835,-0.7228700704795868,1.0
0.40749320787022336,-0.7063893643897405,2.0
0.30512049661925034,-0.6992752621698118,2.0
0.755647458227955,-0.6756431696047757,1.0
0.445192916261385,-0.7210559251450249,2.0
0.7324691683126684,-0.7031877121272473,1.0
0.8115117894662203,-0.7072900454704053,1.0
0.684558367669925,-0.7048886731154809,1.0
0.5850528156485313,-0.6603206722730047,1.0
0.5967579412716476,-0.6580966664466796,1.0
0.9440866116914547,-0.8423272264395272,1.0
1.0216059047014812,-0.8890952646585177,1.0
1.0037603285529693,-0.8430340293928342,1.0
0.2693262799880404,-0.8387101210469814,2.0
-0.00392123838903267,-0.7898381855668284,3.0
0.3302884341849352,-0.8988392384548995,2.0
0.802027473876121,-0.9070593514755381,2.0
0.8355635962190529,-0.8743091279702887,1.0
-0.17039650339432189,-0.9114844599428137,3.0
0.7124808127510788,-0.9712761548406187,2.0
0.4549486079665632,-1.0294806057287367,2.0
1.1975966442816235,-0.8260699595651384,1.0
1.3646713868482896,-0.7635666340454148,3.0
1.344652937566382,-0.7635937982885335,3.0
1.4428660575107601,-0.8310383528947903,1.0
1.4201088133638151,-0.9110764636638136,1.0
1.347303848115447,-0.8817369505666287,1.0
-0.5597304147396218,-1.001227129724086,3.0
1.0961230162146613,-1.2264962031667275,2.0
1.2217850711983773,-1.1908396719638745,2.0
-0.10378871400256807,-1.2074342281903219,3.0
-2.246494623834237,-1.3508628965962288,3.0
-0.438670834751781,-1.3638061258101228,3.0
-0.9471577690605342,-1.378786806415982,3.0
-1.2723771424266126,-1.3505979120677658,3.0
1.4221674368864463,-1.2763385945481054,2.0
-0.14723232823281268,-1.315024604648978,2.0
-1.6913753393640327,-1.272484600976597,3.0
-0.2512958804598769,-1.2294646956757842,3.0
-1.737752026060836,-1.239975926182218,3.0
-1.913999760686171,-1.2811105797473639,3.0
-0.2612041712955167,-1.2632096098481784,3.0
-1.2720604925730021,-1.22023005143788,3.0
-1.6054672220783113,-1.1847903015477594,3.0
-1.575386018617539,-1.266176504460581,3.0
0.7795370784704019,-1.3160764201215047,2.0
-0.9144247229443158,-1.3527637278242728,3.0
-1.1738068925800547,-1.3327772364754462,3.0
-1.1039274097891385,-1.3220224598873247,3.0
-1.134003153769676,-1.2803526441011273,3.0
-1.4395909020021807,-1.2612949301824659,3.0
-1.5382256003471184,-1.3270505080253943,3.0
-1.535741536840347,-1.2399049529391672,3.0
-1.7638106578530979,-1.2387908194971329,3.0
0.9307771978276748,-1.290981985801906,2.0
1.208699629182273,-1.2846708266506364,2.0
0.8482868483269065,-1.29832685093029,2.0
0.04694300790260871,-1.2762701513080903,2.0
1.343237201130896,-1.3341735318349746,2.0
-0.21850437795773126,-1.3026887093216764,3.0
0.9024281143398902,-1.312569170123925,2.0
0.5891687311132487,-1.3142658700544145,2.0
1.2863893645020645,-1.3191222774602285,2.0
1.372880847224568,-1.2994136869711517,2.0
1.5955349627928608,-1.2900623962775017,2.0
1.4600019012287662,-1.3379646748047571,2.0
1.3669100400606102,-1.3328816323901773,2.0
1.2192960808435893,-1.3055878264843368,2.0
1.2076876279680429,-1.287364747251306,2.0
1.200636908982058,-1.3247292968192812,2.0
-2.130986403138666,-1.169312808240546,3.0
0.8988197973789419,-1.1172221762669232,2.0
0.7139053376181621,-1.0959419212605361,2.0
-0.8965630346712088,-1.0906543480742383,3.0
1.596190633053238,-1.0751231920710596,2.0
1.4345079927456554,-1.0983520820470576,2.0
1.3922878347201932,-0.9877142503530238,1.0
1.1664661553513602,-1.0614707630588773,2.0
1.3901839374590306,-1.0143627723267383,1.0
-1.4036917568240217,-1.1718916802821242,3.0
-0.46605958235048284,-1.1205825529303852,3.0
-1.0510862990203313,-0.9883667248200934,0.0
0.8592588057019239,-1.1876374870691633,2.0
0.7010867443432838,-1.1662666845857135,2.0
1.2401499637594546,-1.2733803552092453,2.0
1.4166003649437446,-1.2781956167762176,2.0
1.5921676619105645,-1.1590154295696458,2.0
1.443675125849926,-1.0971454037571429,2.0
1.6098574431353068,-1.1704458501263202,2.0
1.7040129708428402,-1.1698041614616657,2.0
1.6945044204868212,-1.0747112010504243,2.0
1.9003081832059647,-1.158048435777838,2.0
1.7006584531337763,-1.1525095933426912,2.0
1.7570450302618061,-1.0908760562349873,2.0
0.39275127965608964,-1.2242377094042858,2.0
0.7578174018841517,-1.1839957474365344,2.0
1.1234712837647942,-1.1503795971028457,2.0
0.4215256699699598,-1.2250582293361392,2.0
1.5125545916515177,-1.157499158803009,2.0
1.6609390033718985,-1.2057183534999836,2.0
1.4691413374576998,-1.1991838882913108,2.0
0.4567630196172343,-1.179154786365043,2.0
1.0890970646268143,-1.1874409457807156,2.0
1.4234862342582535,-1.1558036572950101,2.0
1.5233814067471259,-1.158704771828488,2.0
1.3045965979266092,-0.9458594780291206,1.0
0.2844098917700312,-0.22227887617070058,1.0
0.27835679292839005,-0.1680316163463315,1.0
0.21365849003822307,-0.20634864547817358,1.0
0.24995737569600307,-0.10322066174205417,1.0
0.31970290148408825,-0.14974608598573846,1.0
0.3630341303163315,-0.2639837125252324,1.0
0.27750271716680164,-0.1351615505920285,1.0
0.5016988030062502,-0.3195023654540053,1.0
0.6748602002442924,-0.7604528660988941,2.0
0.316365960638219,-0.9030997635668083,2.0
0.23441889599982677,-0.9347169451862835,2.0
0.3190791891567917,-1.0087449671652706,2.0
0.9488512731977156,-1.0843052388774348,2.0
0.7564759676430787,-1.077471700678346,2.0
0.36917751031892626,-1.1673881417207457,2.0
0.9346845877790391,-1.136594942142541,2.0
0.8920284702831308,-1.1175263092634102,2.0
0.9643215759699858,-1.1851277240578726,2.0
0.8085458269601989,-1.1666836024543652,2.0
1.404845171892135,-1.121866862366076,2.0
1.088478678621698,-1.087876271583122,2.0
1.1548499793086526,-1.1573011527759616,2.0
1.0373726173030773,-1.0537193663900928,2.0
0.045153097333966455,-0.8798524977792886,3.0
0.3934748605242642,-0.8089357137437866,2.0
0.606516562454025,-0.8654751563183868,2.0
0.7880844939890111,-0.8382621773516302,2.0
0.9140059408629008,-0.9137398910700019,2.0
0.6747352979891676,-0.8746532083831269,2.0
0.34761496023699073,-0.7848365027235505,2.0
0.6380848750674972,-0.8488213447576853,2.0
0.5309070222616943,-0.8898822287606359,2.0
0.6394806377948078,-0.9326728358915932,2.0
0.6008357735327768,-0.8375436564895267,2.0
0.8004519477752301,-0.8375266122585502,2.0
0.5846919573208256,-0.9552356692789625,2.0
0.4337277414524848,-0.9685669210636813,2.0
0.5385329840431362,-1.0295969858683731,2.0
0.23928848605303665,-1.0582012001885872,2.0
0.5479848090679365,-1.160317315868531,2.0
0.5188005582623031,-1.0330380563128645,2.0
0.9329756373075352,-1.0463370838483932,2.0
0.6718700029723514,-1.0619904789456065,2.0
0.4903928852305368,-1.138434387507459,2.0
0.8886659630907968,-1.2047807876382213,2.0
0.42640298319033093,-1.1412910272507324,2.0
0.6561219324983859,-1.096282539563957,2.0
0.46835895563565727,-1.0958553685251085,2.0
0.5456409609925577,-0.9939998431578289,2.0
0.6342848105080632,-0.8321528858109885,2.0
0.3796298849652692,-0.6885009113476783,1.0
0.5476732192203971,-0.4332430461340905,1.0
0.6171497657383843,-0.427816056464727,1.0
0.5078616240848026,-0.36463176065427005,1.0
0.5229380453318502,-0.3124889307232816,1.0
0.8163472910574772,-0.49710405117753653,1.0
0.8932548559651124,-0.9282210958134167,2.0
0.9182933639018194,-1.021225338981709,2.0
1.0817286305227831,-1.070225638826404,2.0
0.8112585228465536,-1.048015141651252,2.0
0.5523577195778465,-1.162416286281677,2.0
0.16421930124588308,-1.1777711410206921,3.0
0.571231542223238,-1.2101204256238303,2.0
0.6442008245108641,-1.207907738232138,2.0
0.6033468681246126,-1.2195086010985776,2.0
0.6104628345573043,-1.2392759142896907,2.0
1.078170114674219,-0.93557421674118,2.0
0.8631440914162405,-0.5563311559242448,1.0
0.6936112511634314,-0.32509740058815273,1.0
0.6461316163011717,-0.35866974192190965,1.0
0.6542438712976619,-0.35828970883435535,1.0
0.45459467385769176,-0.2796090112729453,1.0
0.46721699216023127,-0.35137720790894567,1.0
0.49437164789911525,-0.3949052443457458,1.0
0.6499673672192128,-0.3944996449117267,1.0
0.7280792135717818,-0.42794521977759586,1.0
0.5105847062994087,-0.1903041651748822,1.0
0.38890381082925224,-0.12584661204725836,1.0
0.4295439153799704,-0.18988445098708573,1.0
0.4760480343349341,-0.14767174981267572,1.0
0.5383028869249533,-0.08100856667024828,1.0
0.4998204754894173,-0.06839636837985102,1.0
0.45101005903044505,-0.07249603856191901,1.0
0.4870772496733882,-0.1114389105499297,1.0
0.6329649478718199,-0.2608409161228299,1.0
0.5635168971774965,-0.29860560564458954,1.0
1.1516065154170454,-0.7869204262765376,1.0
1.4521642181406627,-0.9866290122088166,2.0
1.3674511943941143,-1.0476319127703897,2.0
1.717686705143743,-1.0446979081974492,2.0
1.3298377724222712,-1.0896029320758749,2.0
1.2621551312145614,-1.0692172328796454,2.0
1.1063303800407172,-1.1278612385056808,2.0
1.0939530725584647,-1.1525977439747725,2.0
0.9990609144934155,-1.1898710802754127,2.0
1.6967318884225635,-1.2272064682294517,2.0
2.0070961492281802,-1.2172672847251669,2.0
1.9143995011657917,-1.1300827143289702,2.0
2.0536263671618262,-1.1066568835903607,2.0
2.0874815362033496,-1.1998411564483424,2.0
2.1789222374956565,-1.1287930785710996,2.0
2.083405834471092,-1.1099453549043907,2.0
1.9727770575247647,-1.1330000741450976,2.0
1.9588934661299637,-1.1539937730181924,2.0
1.0738800284742105,-1.1092420140605008,2.0
1.7615574904128364,-1.1550855359070704,2.0
-0.711782798229369,-1.107638791084273,3.0
1.8461789014178862,-1.1571964905451215,2.0
1.860057166490507,-1.1732834482677996,2.0
1.8272060091799436,-1.200836912379923,2.0
1.6142111788853684,-1.1616218653285062,2.0
1.6622503438926537,-1.1208685764314597,2.0
0.5157408524859111,-1.1194270073333998,2.0
1.0465155156414283,-1.2185352157201534,2.0
1.4552673334428232,-1.1493010168613638,2.0
1.633162233202372,-1.1594109089915225,2.0
-1.421891267081405,-1.0917157509266893,0.0
1.463465608542523,-0.9241677646343162,1.0
1.107807369181275,-0.7844396917211287,1.0
0.7681621848224555,-0.5179376940691174,1.0
0.4879156127845451,-0.2729582990826904,1.0
0.5137243069085031,-0.3432913182072471,1.0
0.12227824250266119,-0.10285660762104033,3.0
0.6619856805865223,-0.22355479664895753,1.0
0.9654648710259569,-0.2589583275482529,3.0
0.6971697670119952,-0.4017738031131692,1.0
0.5854610782436405,-0.19786168371630908,1.0
0.6317151263722457,-0.2756763212912253,1.0
0.9991200366696152,-0.6859112535036852,3.0
1.214792941756374,-0.9757824897211419,2.0
1.148541749634582,-0.9649219856377442,2.0
0.7915628486887637,-0.8917352562471131,2.0
-0.2395295021316888,-1.094859346277419,3.0
1.0623490735863856,-1.1471068384392473,2.0
-0.9649898962455413,-1.0686451858774964,0.0
-0.9580391789584889,-1.0755791252496811,3.0
0.8735589154912133,-1.1189572257171099,2.0
0.688591192508632,-1.0654592462654344,2.0
0.9291196463652095,-1.0853155090369564,2.0
0.5792987897973062,-1.0445246695685397,2.0
1.08706081165734,-1.0516602102352435,2.0
1.3215582709093239,-1.1074505055952044,2.0
0.7997275679587287,-1.0593229236397284,2.0
1.10380889912063,-1.1561570587716636,2.0
1.185204423097267,-1.1958207153087042,2.0
0.40359726951154634,-1.132840284479693,2.0
0.8003193223529442,-1.2031381498778606,2.0
0.9648507460785846,-1.2136107645484882,2.0
0.7561643777955395,-1.1574897045811392,2.0
0.07861704801135713,-1.1591230212776849,3.0
-0.20471799194271809,-1.1565189823638053,3.0
1.3659390515271674,-1.1787482548246422,2.0
0.8361090116103012,-1.1416385697729876,2.0
0.48535098865479886,-1.2385938787345214,2.0
1.4876407196538266,-1.1579344524831825,2.0
1.484203111318752,-1.1456608751253887,2.0
0.7976359212385803,-1.098460739019533,2.0
0.4897502644595007,-1.1192746745190474,2.0
1.3106885789201654,-1.1085005900130227,2.0
0.9080793421730384,-1.1163949984323445,2.0
-0.20753108900216877,-1.084247714597889,3.0
1.2256266810708165,-1.0115893563675298,2.0
1.4539048602291387,-1.0128188046847648,2.0
1.4101374056103404,-1.0490697534429234,2.0
1.3067878468715264,-1.1090414780304176,2.0
1.4722753454285051,-1.0785062056037873,2.0
1.819629315878668,-1.1939359962052551,2.0
1.8033510100316679,-1.1824517797945608,2.0
1.4009463040562589,-0.960980507224427,1.0
1.4710513565915047,-1.0348223742432174,2.0
1.3814807270166518,-0.9837754351007967,1.0
1.5178622717040455,-1.0862674559686052,2.0
1.6679255401756126,-1.0320412351168478,2.0
1.6999617701926117,-1.0846144318799928,2.0
1.7416418391490058,-1.0459738286757063,2.0
1.71638015831295,-1.1469827351324497,2.0
2.0857270456772055,-1.0865497510441537,2.0
2.007089757641564,-1.1114854609627836,2.0
1.9604317079755935,-1.1438247587118338,2.0
1.0792108780282221,-1.0957524373489769,2.0
-1.9083529270688213,-1.1456852430493631,3.0
1.0535414672292756,-1.12573403858498,2.0
-1.3491677945623934,-1.094063061111485,3.0
1.4214537097143052,-1.0819810981941227,2.0
1.8419684437344708,-1.1769474252955308,2.0
1.4909728668097335,-1.0908108087882804,2.0
1.6947425070882742,-1.1965444293349332,2.0
1.7969445097133732,-1.2227737697530692,2.0
1.7863616401736164,-1.2066438019787862,2.0
1.7548415307758745,-1.2472333064687928,2.0
-2.2062590534531017,-1.2114947499043656,3.0
-0.45839287420436275,-1.0878658852548708,3.0
-2.029709582676261,-1.2218308775691267,3.0
-2.3330524192678834,-1.1832110470213426,3.0
-2.4752758741224747,-1.1306342549907258,3.0
-2.610862997856698,-1.1755687067991967,3.0
-1.5317654373328589,-1.1164858122255161,3.0
-2.145924473167084,-1.0922957874121084,3.0
-1.3070019650231688,-1.1736926429692904,3.0
-1.240458890445904,-1.1068056211372417,3.0
0.801962492745523,-1.1242017888518028,2.0
0.605509354929757,-1.160617454123383,2.0
-1.3160424648176063,-1.2318503553802773,3.0
1.3759589288124814,-1.197677071746544,2.0
0.8502493317341859,-1.0949827837939439,2.0
-1.1484245705466185,-1.0768630352112083,3.0
1.3736648818494872,-1.1503313938871154,2.0
1.5943866077308184,-1.1906801486145788,2.0
1.4884918659382158,-1.2022890009642886,2.0
1.548736830853552,-1.1124134394446217,2.0
1.1706880646274629,-1.1426164825252647,2.0
-2.0944696709037176,-1.0832125438821754,3.0
-0.07816830536767878,-0.25637133286534997,3.0
-0.07722501370957272,-0.09454887660053816,3.0
-0.06018610905524574,0.027338147537990402,3.0
-0.04970603753356592,0.06684774020596995,3.0
-0.05568563312912084,0.023116238261887787,3.0
-0.05970274531739636,0.0947824358281381,3.0
-0.1683767620236058,0.10004004845217253,3.0
-0.15652862464995226,0.04914198001468714,3.0
-0.18278606141758852,0.06448498368685165,3.0
-0.07843382252835968,0.0007283745581366716,3.0
-0.11869788873315866,0.06750287783412943,3.0
-0.6157124576980686,-0.23143828610781006,3.0
1.1174480123273618,-0.8690134321426661,1.0
1.1523785658170593,-0.8712611401026931,1.0
1.0963081059104218,-0.8948311810143303,1.0
0.9057317656721336,-0.5535524136428561,3.0
0.45371476543352957,-0.13691976954369883,1.0
0.45608018511373793,-0.060808223485888255,1.0
0.4584581216510697,-0.11650237873049735,1.0
0.46653309239229895,-0.13449176557787357,1.0
0.45070299655675894,-0.08057287351591132,1.0
0.4603601513016043,-0.1383269838636967,1.0
0.4439569431994792,-0.10041235837256561,1.0
0.48557549313469256,-0.10408352593523984,1.0
0.46557834914150553,-0.13088744335856034,1.0
0.4236553998936962,-0.026176210354388833,1.0
0.4823687808661281,-0.1129510534168767,1.0
1.0354530107893483,-0.7180830384201694,3.0
0.39131157477079287,-1.031358533771406,2.0
1.0846415961231117,-1.0328652171581183,2.0
1.2849906722975548,-1.1023907658401628,2.0
0.18835659546970723,-1.0884515143785791,2.0
1.533639903266111,-1.1022181930015258,2.0
1.770984015407281,-1.1195516432724155,2.0
1.6630098774355442,-1.1369832310294745,2.0
1.5691419711257393,-1.1980151600469295,2.0
1.7455668059635647,-1.195795282120294,2.0
1.528101593463182,-1.2072775011601706,2.0
1.8641776093290778,-1.1677335537141291,2.0
1.733145822639435,-1.1805976870436479,2.0
1.6345231085194027,-1.0960998467131777,2.0
1.70346542492272,-1.0828104065575732,2.0
1.5905969294996358,-1.0757277296385075,2.0
-1.9032732136056043,-0.8582326897339164,0.0
0.7389020339257548,-0.4646110890335887,1.0
0.5549998416953141,-0.2923903202925626,1.0
0.5137469437777687,-0.14474813156798674,1.0
0.5266188002744486,-0.09766663928869392,1.0
0.4924403234765898,-0.10102701595215591,1.0
0.49451971965572367,-0.1228596105686255,1.0
0.9830491910715321,-0.7586677492202138,1.0
1.3461070235215653,-1.0121002838226614,2.0
1.4098732200302047,-0.9932251295967248,2.0
1.4280908397830006,-1.034453126958078,2.0
1.4542675827696074,-1.1427554995341669,2.0
1.2863672602650167,-1.1035381887958235,2.0
1.3217233868969087,-1.154358892403642,2.0
1.289464516612779,-1.13703010266466,2.0
1.2269369563271355,-1.1400803542191822,2.0
1.2279899702221528,-1.1250555982972823,2.0
0.6443462331063825,-1.2560439754611568,2.0
-0.4577230891902078,-1.278848357559396,3.0
-0.7567350932171435,-1.2326077583942958,3.0
1.2777308951659987,-1.2605154229313995,2.0
1.2582346917738556,-1.0776286940246063,2.0
1.5520966748847962,-1.1152386538870322,2.0
1.491728671927098,-1.0742371583763903,2.0
1.5653176718003856,-1.0753508923442614,2.0
1.6300165073227706,-1.0789095413508798,2.0
1.6330919257495942,-1.0878573631393824,2.0
1.6343478725196756,-1.0884587049135224,2.0
1.5314976564852512,-1.0523293294591258,2.0
1.5682530079538708,-1.06915291753932,2.0
1.7362851569324205,-1.0954870533463503,2.0
1.6498378826840123,-1.0578057207667104,2.0
1.1413978200104444,-1.0193680504374878,2.0
1.1451246476399013,-0.8074794972597312,1.0
0.9420522229347432,-0.67323407408269,3.0
0.6443462331063825,-0.42509457214677504,1.0
0.5792449939432865,-0.3494589329757616,1.0
0.6103757491896588,-0.23442368968978888,1.0
0.6190853512186538,-0.26371233641015335,1.0
0.8050347153790385,-0.3761411439372655,3.0
0.5660679391856834,-0.2650899896420513,1.0
0.6890841436264056,-0.3488581238338397,1.0
0.6886085030557174,-0.3504613468100674,1.0
0.6019348601146526,-0.18832303963997224,1.0
0.5624018316290803,-0.16627126686578914,1.0
0.3520627055735321,-0.23036742903348922,1.0
0.34348439738627784,-0.23147130930532708,1.0
0.29983864922929626,-0.22509250586236926,1.0
0.4328994983534703,-0.40245903446164655,1.0
0.5784577635250591,-0.415079488551423,1.0
0.5810338392474927,-0.3338815711276701,1.0
0.5781128841638938,-0.3338701195349828,1.0
0.5758215003619896,-0.33624832238842356,1.0
0.5139506756011598,-0.3757158371111798,1.0
0.5149200662379486,-0.3757262234394312,1.0
0.4711014789262209,-0.39354090691929816,1.0
0.7026606725475205,-0.4354151203191591,1.0
0.27830592655156955,-0.42097146614711434,1.0
0.31807890585135795,-0.4236788357112889,1.0
0.4452405868448974,-0.49672561598663634,1.0
0.5075809269059083,-0.44439689741156035,1.0
0.6573283444721918,-0.46403824308311276,1.0
0.4728035051788905,-0.413028321879844,1.0
0.4453092964010215,-0.41324883161810255,1.0
0.8283602781026065,-0.5246174347152542,3.0
-1.4695854195694706,-0.8154348920680159,0.0
0.865784083004836,-0.8112305596551078,1.0
0.8274201822378086,-0.8602825248249504,2.0
0.8571767463616999,-0.7815610808988621,1.0
0.8946090733794178,-0.6942991456729988,1.0
0.8775363465792466,-0.6921427841383616,1.0
0.8723383887636301,-0.696589996842685,1.0
0.8777107836306469,-0.7437947934804484,1.0
0.9052942083050337,-0.786801382975811,1.0
0.824980992995405,-0.8521620140290806,2.0
1.1541373174009475,-0.8298977209999093,1.0
0.06368017640542971,-0.8069362123973551,2.0
0.5203505180167293,-0.7026753199335161,2.0
-0.5105471557280385,-0.664360687646655,0.0
0.5610332331448886,-0.5128198974023122,1.0
0.74280649439992,-0.4715153341596192,1.0
0.5034317219275648,-0.467712606439095,1.0
0.5428196081337278,-0.4959114876413991,1.0
0.5996594552792889,-0.5207190995115961,1.0
0.4965924579321323,-0.46935790736054595,1.0
0.5576811122808059,-0.4615412632450544,1.0
0.4441292497220074,-0.47108203785026326,1.0
0.445698384236282,-0.47235130042579504,1.0
0.5748068359866695,-0.5027046789499732,1.0
0.5528059295893069,-0.5681510637903434,1.0
0.7457508853011117,-0.52289783159939,1.0
0.6705765056309,-0.32239935208779347,1.0
0.5697750594230738,-0.195708784291089,1.0
0.481590605195607,-0.09745917903977674,1.0
0.4315625914862504,-0.036067989591270146,1.0
0.41126637450264764,-0.0645504974496676,1.0
0.41371648270552047,-0.055739961615358456,1.0
0.4582621129948399,-0.05841777009143313,1.0
0.4170379772170673,-0.07841944145847325,1.0
0.4642382464809777,-0.08222722918506854,1.0
0.5888960234176247,-0.26898299852352914,1.0
0.4949034811688041,-0.2690141575082831,1.0
0.5354463803397344,-0.2622710336282025,1.0
0.4893870092868139,-0.27302993811601356,1.0
0.6349537965738911,-0.2994072171327034,1.0
0.3639374745580864,-0.2813331417626626,1.0
0.3634844708566639,-0.2814561798050243,1.0
0.3733402974188291,-0.3051242250447765,1.0
0.3793923309960342,-0.29344919314197815,1.0
0.3881765015355516,-0.2954529555461537,1.0
0.3617635361602547,-0.30092548527015756,1.0
0.45572518574043036,-0.30955998615641245,1.0
0.44054330331421565,-0.31676516848562186,1.0
0.7717340164764698,-0.3884010060154453,3.0
0.7671339383255759,-0.459174245668192,1.0
0.7069313176715716,-0.3161497119577045,1.0
0.6492762769163372,-0.2877678715885121,1.0
0.6406548255194237,-0.19702997850787732,1.0
0.654006317328427,-0.17893779364242401,1.0
0.6164879702074997,-0.18641248787394943,1.0
0.6614117693716103,-0.20396484998644362,1.0
0.6608043023269632,-0.18036684588336055,1.0
0.5909429290314596,-0.1858883777714218,1.0
0.6627627909926075,-0.2507155776583487,1.0
0.7328071234549995,-0.23553476049656996,3.0
0.6606240063211648,-0.19522888266265676,1.0
0.6627524046643561,-0.2259609626938441,1.0
0.6844209485576769,-0.22951468485244583,1.0
0.7426163446980885,-0.28005375917498854,3.0
0.627423974907801,-0.3965390936745094,1.0
0.7394714177668138,-0.3887573369692978,3.0
0.6159699853754792,-0.37300766859867823,1.0
0.6678835171366118,-0.4172728680252123,1.0
0.6560526903100439,-0.3985804066500551,1.0
0.6483359147354302,-0.39108493976202713,1.0
0.6338184910011903,-0.4135633509428409,1.0
0.6580197010911764,-0.44601689830265556,1.0
0.6836057549480036,-0.46376287222639856,1.0
0.7004699562348213,-0.45090539679960495,1.0
0.6334310010625838,-0.4774320791534482,1.0
0.7631288103622056,-0.5237188841634614,1.0
0.720322490580817,-0.5211342863255395,1.0
1.503019942316816,-1.0263810856940478,2.0
1.5434014539256875,-1.1011294927479014,2.0
0.5336708508409785,-1.1206719019849574,2.0
1.1205924066264186,-0.7995214392903565,1.0
0.9712929327554862,-0.6138943176218715,3.0
0.9930821178461875,-0.5981616934822284,3.0
1.0114824304497632,-0.618924229972704,3.0
0.9240673634612201,-0.5308156758363046,3.0
0.9304206005577131,-0.5306646746024971,3.0
0.9603324269731561,-0.5388235349180638,3.0
0.8789355714159743,-0.49063789605082414,3.0
0.6245818493924684,-0.34861977091627766,1.0
0.6444029584376012,-0.3665146155449561,1.0
0.40449395585057607,-0.3322477217989065,1.0
0.41284589534517363,-0.3332535977426294,1.0
0.502363261698225,-0.33245065467397056,1.0
0.667516799854508,-0.3943683510699858,1.0
0.5945254133298341,-0.3972685334970821,1.0
0.6595749871677826,-0.43626120659747725,1.0
0.8196413550097961,-0.4244820450960568,3.0
0.8189236330960198,-0.42670898039958105,3.0
0.80535109891654,-0.43994435838505686,3.0
0.7547062970987212,-0.42274060405925395,1.0
0.7008771535654945,-0.46612323190053573,1.0
0.7271649503695576,-0.4900317605867221,1.0
0.7328603866768011,-0.47600595638971077,1.0
0.6509553999836322,-0.44683448875730986,1.0
0.7801304307612715,-0.5105261167554269,1.0
0.8030493287863845,-0.5335281054065503,1.0
0.8122819756534712,-0.5544746663283505,1.0
0.9369192462497244,-0.6578609766902076,3.0
1.229739667058335,-1.03827116785487,2.0
1.545103213862248,-1.0815027944623443,2.0
1.589434725999925,-1.1075090951391862,2.0
1.4336946633487455,-1.1782692853025916,2.0
1.401489056286417,-1.1168187073617761,2.0
1.3725996174134556,-1.048883598482727,2.0
1.3311565697940786,-1.031537897670823,2.0
1.4529706233187387,-1.0855507993192648,2.0
1.593529069859813,-1.078668125798064,2.0
1.957324864247907,-1.2308062630749117,2.0
1.9571767924912986,-1.1729343078488903,2.0
1.9290644640244223,-1.1989139769148311,2.0
2.0997778835884637,-1.0494222228131953,2.0
2.4466018849817006,-0.8920138228971355,2.0
2.1038077789499714,-0.6228947368419032,3.0
1.8457373493091511,-0.8001816369245871,1.0
-0.6840752702481846,-0.6202044115087052,0.0
0.4308629790678867,-0.7500734620664193,2.0
-0.5452223120691972,-0.7399257530487813,0.0
-1.4984430336674057,-0.7038295339499563,0.0
-1.3600072596731794,-0.6249435066685012,0.0
-2.01202752461868,-0.43850252297088793,0.0
-2.3127593980775885,-0.5377516125793069,0.0
-1.5994395564250803,-0.5449211085499093,0.0
-1.8320211375888615,-0.5753679640283491,0.0
-1.3825827430757265,-0.7150225336954504,0.0
-1.8347720498368587,-0.5972000260126008,0.0
-1.6411469227826476,-0.5632836042660057,0.0
0.4879792623345981,-0.8458916012424892,2.0
-0.39756094858477276,-0.5632910611170578,0.0
1.9284897538611834,-0.7521741635342737,1.0
1.6090068294831354,-0.7780209408618197,1.0
1.7705344738152755,-0.8189385467981243,1.0
1.787427969874084,-0.9625188822281113,2.0
1.8365499761805957,-0.8600961035486447,1.0
1.877726707690965,-0.8683476418701463,2.0
2.027205678619368,-0.6361066790097863,3.0
0.14725789457927743,-0.4838268615629465,3.0
1.6799230808864194,-0.8579187030413961,1.0
0.5991190998941118,-0.6774176338390955,2.0
1.0678860518087694,-0.7065677961827758,1.0
-0.686375176165577,-0.4586530650428635,0.0
0.12383512647592151,-0.7034670777255966,3.0
-1.254176833220902,-0.44112973138625117,0.0
-1.4494981275733845,-0.6569389903208221,0.0
-1.6285761366472011,-0.5593365332143991,0.0
-1.3708821448264634,-0.6055506339266532,0.0
-1.1328428144827285,-0.6686571654332798,0.0
0.07259217867727087,-0.67488230448134,3.0
1.535048182850545,-0.801493243761451,1.0
1.9879709241758852,-1.000085698880878,2.0
2.1002007935695683,-1.042553930361881,2.0
-1.3497630110660261,-0.7636531867808423,0.0
-0.5221630654546371,-0.7590254117546116,0.0
-1.81784100320668,-0.8755243283756917,0.0
-0.8094568943691152,-0.9369067293926011,0.0
0.40837870893267464,-0.8839191447638396,2.0
0.25697693569723395,-1.0719609545926996,3.0
2.00964372912695,-1.0135877924495251,2.0
0.4299921253914307,-1.086379974524661,2.0
1.7935521751168302,-1.196266927949347,2.0
1.9580471135355366,-1.0591459565852928,2.0
2.1725716635602534,-1.0723604287562114,2.0
2.2377402806989286,-1.1117335344183243,2.0
-1.7957205208763727,-1.0791520221681314,0.0
2.0650854167002195,-1.0226932733745606,2.0
2.1956697923267288,-1.0622137850030096,2.0
2.1772204775590955,-1.0303559867790457,2.0
2.0589612114574734,-0.9705970487626486,2.0
1.1759824288745404,-0.7222793813498073,3.0
0.6575805458274222,-0.4547169129517264,1.0
0.6143411960527868,-0.43947777256207493,1.0
0.2885449819945972,-0.266926771845879,1.0
0.274253394320796,-0.2969432604921621,1.0
0.3553037726201585,-0.2761761966278332,1.0
0.3853903024031107,-0.12168595547622757,1.0
0.27798235247912495,-0.07211733705490973,1.0
0.3027122000454917,-0.02695119023160189,1.0
0.19835596641462774,-0.02766971109370527,1.0
0.2791839707629687,-0.019664781489145095,1.0
0.22939351102284722,-0.04692116998167007,1.0
0.32787800708230447,-0.04775713624784594,1.0
0.27226640983148787,-0.13627981193375277,1.0
0.4651956528928612,-0.160720440205737,1.0
0.2587292956945061,-0.17805895048269788,1.0
0.23681307781980798,-0.1455731788736933,1.0
0.3064659256019584,-0.15473764881687396,1.0
0.27802336515991216,-0.1898194698564878,1.0
0.4340601039565267,-0.12743012763141948,1.0
0.4838742658303499,-0.178702103885952,1.0
0.398576145592311,-0.2571657538185205,1.0
0.4222670940174379,-0.12681626900015622,1.0
0.49311303796794376,-0.24936109392793435,1.0
0.3822871871009504,-0.2723226025304885,1.0
0.5402664355966688,-0.22018483260557126,1.0
0.6868662630705876,-0.3640519904849598,1.0
0.5991611778393351,-0.43903568782112184,1.0
0.6278154595880426,-0.5124987201748485,1.0
0.8113386839953651,-0.5056823593647908,3.0
0.6255251410505746,-0.47299472014515825,1.0
0.7863063013291652,-0.5455458861416418,3.0
1.0282614105816983,-0.8275488129184595,1.0
1.1033558954192075,-0.9987967289132795,2.0
1.3649419640150418,-1.0893657775808032,2.0
1.1907190307664939,-1.026568172760626,2.0
1.1083937972533104,-1.0202295830501282,2.0
0.5705662845829362,-0.9234971806718343,2.0
1.071477058222632,-1.0724632267742884,2.0
1.320312444151385,-1.0144043176397435,1.0
1.1503042296439965,-1.0086680018097673,2.0
0.9901355964161239,-0.9967439643450464,2.0
1.119909305806813,-1.1192050328565417,2.0
-0.930866280566138,-1.0547169865344364,3.0
-0.36517105077501105,-0.9518183009681729,3.0
-0.9427066947726302,-0.8994184759919918,0.0
0.7722437455091109,-0.9541026273931883,2.0
0.9662544982891654,-1.065519300548016,2.0
0.9695778570134752,-0.8409397195115959,1.0
0.7487701110289344,-0.8983452220726899,2.0
0.5839800943614475,-0.8799968411103709,2.0
0.03057735037185378,-0.4405691359767894,3.0
0.1705983710049499,-0.13826839431971497,1.0
0.3052656388986597,-0.21342333291396906,1.0
0.2890046435987449,-0.2064466498062885,1.0
0.44668295489128435,-0.15331845027197075,1.0
0.3577538808230314,-0.15921655313816924,1.0
0.22310472242473414,-0.14465412198150696,1.0
0.46511362753128677,-0.2570017030953717,1.0
0.5491723125980027,-0.18989563626366407,1.0
0.051635231427219326,-0.09432703528173456,3.0
0.5118654204676277,-0.17704615032014073,1.0
0.4164113354125717,-0.03835005232935905,1.0
0.022678680894787768,-0.006716758585288847,3.0
0.0485960319912209,-0.05339371669499864,3.0
0.14407168865110664,0.005662945741944492,3.0
-0.004221110327775592,0.14876710796902531,3.0
0.35827905618999506,-0.023485086072863762,1.0
0.2779903419623952,0.038491199867133244,1.0
0.511234517605388,-0.0207068764236931,1.0
0.2446246619292284,0.14587038765134613,3.0
0.02229891412334247,0.20048596265447316,3.0
0.36149642110291974,0.011602327605039209,1.0
0.5067521511746756,0.142033571468869,3.0
0.5240962540899257,-0.06818810918260683,1.0
0.8394307724379569,-0.6154035310116194,1.0
0.3982363262372169,-0.7827685581371041,2.0
0.43454453295881224,-1.0179565750597457,2.0
0.1531362900534093,-1.0995768698323851,2.0
0.7283335454558844,-1.0304960690523837,2.0
0.8780402166574898,-0.988592294564423,2.0
0.693599533254635,-1.0197302403457384,2.0
0.7753495239723613,-1.0451362645128763,2.0
0.7922723148031607,-1.0062755510444945,2.0
1.0035563304134694,-0.9088090483117202,1.0
0.8957342589399762,-0.9399334119714763,2.0
0.7325674389568924,-0.6846161582655796,1.0
0.9750706267617637,-0.8264811516374466,1.0
0.23984615198529927,-0.5912718294260844,1.0
1.1956362914032164,-0.40794514630720974,3.0
1.1335122000227198,-0.4380162297558395,3.0
1.161750762325266,-0.48350754854824596,3.0
1.058898948394188,-0.17523307025001478,3.0
1.04596211076691,0.08418571785071281,3.0
0.36483762300653316,0.1684950063760053,3.0
0.554052022663355,0.19427680257295338,3.0
1.0899636572455262,0.059121377251432065,3.0
0.9540825205269583,0.0212008928059028,3.0
1.046798609665304,0.05733199931500782,3.0
0.8944301089541644,0.010878214104646663,3.0
1.1735701375591467,-0.021527396355546513,3.0
1.1710454608457515,-0.02521800499417832,3.0
0.9520662412656593,0.060006878313883405,3.0
0.9723470119149397,-0.15115063714464624,3.0
1.0149876830765252,-0.22015607046579838,3.0
0.7785615625631059,0.007481352134250596,3.0
0.9960139918902559,-0.42480082547853926,3.0
0.8713516875797557,-0.4095132155570484,3.0
-0.46288296380223637,-0.17626051779856736,3.0
-0.7523014626343796,-0.3174000660894967,3.0
-0.26604792868615285,-0.4206180646704608,3.0
-0.4327743297822365,-0.5851159325663662,0.0
-1.720723907208924,-0.3345201971570711,3.0
-1.3470215530398986,-0.3715751542483246,3.0
0.2750001446904542,-0.30329303547923797,1.0
42.0,42.0,4.0
1.1251288352272595,-0.2765224075695435,3.0
1.1988358131368375,-0.5552014429898331,3.0
-1.9902175668714759,-0.3785614247359295,3.0
-1.7156262174083485,-0.2932736908261419,3.0
-2.3086602605277387,-0.20744080784121507,3.0
-0.9238244831698049,-0.0505454659091589,3.0
0.35363476956500584,0.009358880702756459,1.0
-0.556879234476583,0.10976511380481489,3.0
-1.8507495516387347,-0.05028048138069601,3.0
0.5029646034723649,-0.3602652417309761,1.0
0.44602195830872665,-0.08251618216334214,1.0
0.23005370865707786,0.10533121690594197,3.0
0.2932462602669141,-0.05524621154925776,1.0
0.4211184726392867,0.12581678464304946,3.0
0.4268727648066209,0.12663650562657586,3.0
0.47626881038930163,0.10150665126447918,3.0
0.4941269033949369,-0.06586237060264064,1.0
0.3792096381452548,0.13594824837803793,3.0
0.3079045652228192,0.06556303129611572,3.0
0.4015165417518675,-0.049133191583089875,1.0
0.4637604753814175,-0.10270906849664994,1.0
0.43321694715540765,0.03589088937877988,3.0
0.33922973122876726,-0.125364047257736,1.0
0.35265339470331164,-0.21885777943438478,1.0
0.35726572339521984,-0.1924450803751969,1.0
0.39682272033060284,-0.12665275090922534,1.0
0.42301624123207715,-0.16202352492711275,1.0
0.42213686544013296,-0.16887930052130373,1.0
0.5278680891418049,-0.22905049587444504,1.0
0.5090643076330824,-0.3704574255388184,1.0
0.44169112574403985,-0.3419405629023589,1.0
0.5785754752452406,-0.3021931499490353,1.0
0.35108718966623603,-0.2093034227076165,1.0
0.44952800988381597,-0.02621775566739407,1.0
0.2920976388887629,-0.1261672566425039,1.0
0.42768689315185815,-0.117028619361897,1.0
0.5343507558672758,-0.17732897802790715,1.0
0.6314839639896268,-0.1849623966604013,1.0
0.5912039188182873,-0.18481112911048475,1.0
0.4198430847932477,-0.1136309584431739,1.0
0.38281928668674814,-0.08921083651158332,1.0
0.43950733365017486,-0.032886843669170496,1.0
0.44232788756067776,-0.06594226543534301,1.0
0.5921173830721845,-0.19386534418453616,1.0
0.5587786009660276,-0.1785108889196843,1.0
0.6253672155979328,-0.14394731902819993,1.0
0.557617196414644,0.00797456956813327,1.0
0.4903915536499918,0.2004108615117329,3.0
0.45809246963340183,0.19905344830411953,3.0
0.4337780751970874,0.18198018887173054,3.0
0.38989823518028777,0.188717986429631,3.0
0.36123676289663703,0.2146103038118174,3.0
0.4602541574902191,0.14921425271604963,3.0
0.4443926363538162,0.10556184665634283,3.0
0.5189779247909023,0.13199318784316125,3.0
0.6060595640109673,0.051044009665221726,3.0
0.551903384295879,0.07196793371775628,3.0
0.5412547346771972,0.04577414650017294,1.0
0.6091440371854971,-0.013996243108911436,1.0
0.5299754485123845,-0.008237423567724092,1.0
0.5825257420901552,-0.005017661809818293,1.0
0.5972037544381269,0.004268780911288011,1.0
0.547430338928982,-0.03400084395315064,1.0
0.5475549748679976,0.03241439889179044,1.0
0.5584140142127957,0.04163000152790064,1.0
0.5698741290156247,0.05154867869179175,3.0
0.5599573160644967,0.051634166162783296,3.0
0.5895383778725518,0.0049177932689403216,1.0
0.5591040392512352,0.07246301536440201,3.0
0.46521775712990887,0.09151313927395682,3.0
0.4660569191893928,0.016792562253494635,1.0
0.43561405845258805,-0.10448086956987966,1.0
0.3513172867844189,-0.0454234081846095,1.0
0.4338403931665953,-0.0683015598450442,1.0
0.42184764614575043,-0.08775062528589288,1.0
0.546020461447894,-0.0871362340224116,1.0
0.48038738901510913,-0.1548694752908329,1.0
0.37737951384415236,-0.13934910509006912,1.0
0.47144236354575103,-0.13185576873091318,1.0
0.38342329162197814,-0.09936147500642034,1.0
0.37699894812438,-0.08832533544913199,1.0
0.403549865244143,-0.0749123246189479,1.0
0.4389941425081166,-0.09119569047201939,1.0
0.4553150589325582,-0.142572062641283,1.0
0.34908901990034963,-0.27230822146060213,1.0
0.4749619972423998,-0.1669690150713899,1.0
0.47658492761069404,-0.12457149051732842,1.0
0.32248803535209314,-0.22226689194579521,1.0
0.14105193029106577,-0.34025930930619186,1.0
0.07636241583249605,-0.37050642770287584,3.0
-0.027310184346544572,-0.44684860351108724,3.0
0.020459735074533747,-0.3547935109552993,3.0
-0.006907973551556535,-0.39076509411510857,3.0
0.014566159582188392,-0.43197618040353974,3.0
-0.08146210300388877,-0.39752100116842165,3.0
0.029306489899667967,-0.2519752528539561,3.0
-0.06998441133786527,-0.2183307398546581,3.0
-0.07389153497312052,-0.2133125454126218,3.0
0.010496583120438309,-0.15162388087035333,3.0
0.01817740602033584,-0.1684958053243323,3.0
0.10665374270327531,-0.19520145210342893,3.0
0.10665374270327531,-0.19520145210342893,3.0
0.05529148528778911,-0.1837471962549981,3.0
0.09390572319728402,-0.21447341733178732,3.0
0.10996218772548075,-0.20903763923082658,3.0
0.14298085786861017,-0.19905584514910057,1.0
0.040355945262406726,-0.1645154447590999,3.0
0.35476102039000035,-0.25777455244371267,1.0
0.3830701564614336,-0.20114855713368485,1.0
0.41199102063525816,-0.108524879685165,1.0
0.4122706525497165,-0.10255167567622626,1.0
0.35520789882091564,-0.14979855025921301,1.0
0.36655403032908923,-0.2029174287297155,1.0
0.3763821600159177,-0.17662616981623522,1.0
0.3191263271080861,-0.168821776241758,1.0
0.3307414378863577,-0.0856440648636402,1.0
0.5188098793261184,-0.08750481551727857,1.0
0.5323861419311243,-0.030601851453882507,1.0
-0.09269638174627902,-0.4219637599692779,3.0
-0.054117297563173176,-0.30993043186404245,3.0
0.003936152091137114,-0.14100772181697047,3.0
0.08634554149476707,0.08430422851922134,3.0
0.23342606954544523,0.014648184943762835,1.0
0.22764434681888318,-0.0011068097490369313,1.0
0.23312779550335633,-0.04050827807675926,1.0
0.3532153216933184,0.00413029653460389,1.0
0.339589790608146,0.03738865117584044,1.0
0.047043142759595695,0.055769522703458335,3.0
0.07599916065980923,0.08663369552471364,3.0
0.039845683597547546,0.05672346700592472,3.0
0.36949043174701063,-0.0009635316823906684,1.0
0.10360815168066069,-0.0007134608560322278,3.0
0.11387197452182608,-0.0006005428258128682,3.0
0.12948821852183273,0.031077492024570663,1.0
0.5196341276834979,-0.25441044735472457,1.0
0.4074322214812605,-0.3150160042816578,1.0
0.6161137960743435,-0.3934705994665201,1.0
0.5071079494963102,-0.28592150200476013,1.0
0.1833506515686853,-0.31565276609829573,1.0
0.2730911908210854,-0.3019012674935626,1.0
0.25887656850278745,-0.3021803667758029,1.0
0.29071465933468477,-0.3221633960152125,1.0
0.35827852355777706,-0.2683984346642568,1.0
0.1786933154543547,-0.30294203084756555,1.0
0.17789569870787603,-0.30446056530112875,1.0
0.1985818024750665,-0.32203263480568955,1.0
0.20149689860426723,-0.32296846961274345,1.0
0.3165364029479841,-0.2835065475282763,1.0
0.24930676544169675,-0.32837042556786017,1.0
0.2776451962851209,-0.30995200346887214,1.0
0.22518624913274007,-0.2977853520288451,1.0
0.3197183478184107,-0.295999169885729,1.0
0.309038805531084,-0.3659921033390825,1.0
0.5163339384606717,-0.38661588913676515,1.0
0.14210201470888403,-0.28817746576416625,1.0
0.34537897018576025,-0.274151661567155,1.0
0.25251347771026117,-0.3493777065625142,1.0
0.3619560827070675,-0.25829520043682314,1.0
-0.0012511530801192262,-0.25043008678949213,3.0
0.1453239069956619,-0.36812343115947294,1.0
0.27008927564034807,-0.34131898110393444,1.0
0.30415217124689753,-0.3451541993897575,1.0
0.3017369504543047,-0.34862989092841995,1.0
0.21866896131309815,-0.3269171385610039,1.0
0.1867752104144182,-0.3186458928474358,1.0
0.0534594967739236,-0.3322828755252955,3.0
0.3251895459618695,-0.21098813841320063,1.0
0.2813195596411032,-0.24881274905948705,1.0
0.32113408425389683,-0.26220605249760454,1.0
0.338919739277882,-0.17692497649054212,1.0
0.43530246860504873,-0.14781769104041206,1.0
0.35238814385873973,-0.2931224232762254,1.0
0.41020590375657806,-0.2740323519503194,1.0
0.42825281488350003,-0.2286257216805774,1.0
0.4751172595339514,-0.17457367156411116,1.0
0.5581666065475274,-0.2747814991649587,1.0
0.4607021011855705,-0.25746775628613555,1.0
0.6769113669158714,-0.29980189760625314,1.0
0.33011958977182415,-0.3170759593848341,1.0
0.4483900411500251,-0.1898176056437247,1.0
0.5439162978706223,-0.17149772050506965,1.0
0.3873879395367791,-0.14218084427715036,1.0
0.4863062645378103,-0.1774208570855149,1.0
0.48298503634237244,-0.16175774145032285,1.0
0.49412823497548203,-0.29360924912349184,1.0
0.5986309424663003,-0.3347777248344818,1.0
0.5310412455806344,-0.2532887239035832,1.0
0.39834684742245513,-0.2166532146840172,1.0
0.6248620139391448,-0.30054545218260326,1.0
0.5746611610750422,-0.3544433052719539,1.0
0.5107650023052069,-0.2289618126101454,1.0
0.39610766157791655,-0.16997119656823623,1.0
0.20718114963493237,-0.11547120275641866,1.0
0.49994910617006816,-0.2700469313790158,1.0
0.4254082925231864,-0.23505459255202868,1.0
0.4024806060664762,-0.23168116639922529,1.0
0.5413335642454635,-0.23180766655100404,1.0
0.6465998000208075,-0.25016403699659323,1.0
0.6413017073482039,-0.12977077991349012,1.0
0.6197849636370177,-0.17159412693653053,1.0
0.6054699401456237,-0.2819264940535323,1.0
0.6853738275957072,-0.23837475548303047,3.0
0.6740037276377229,-0.24714720811375146,3.0
0.6113400798203764,-0.2748707150614763,1.0
0.6222968571771804,-0.2643664087738768,1.0
0.5617357750404516,-0.22337290274650512,1.0
0.5673430607156134,-0.22446080405180246,1.0
0.659148082445043,-0.286992092762972,1.0
0.3566207057792027,-0.2198908196212265,1.0
0.4544609831709697,-0.2910720555529734,1.0
0.15664420584126168,-0.2325610748233875,1.0
0.7777066878531904,-0.7682146490959301,1.0
0.6275856287859688,-0.8686890591218945,2.0
0.7453649932591592,-0.9209767650161832,2.0
0.31458590376561,-0.9874769626998978,2.0
0.40245903446164655,-1.0482023618758847,2.0
0.6626200455581792,-0.9929834477278002,2.0
-0.6986004171495858,-0.9431603642643251,3.0
0.6487130183457854,-1.006670364676099,2.0
0.8182439943858316,-0.9391951837173063,2.0
0.5803097257471002,-0.9612504186009065,2.0
0.6558604100793402,-0.935286195869288,2.0
-0.2265247538966139,-0.9026512872392389,3.0
0.8036786337519702,-0.9379669338225617,2.0
0.8548488772528617,-1.0142193611020374,2.0
0.8765579011947516,-1.0719923798935624,2.0
-0.9130661113142119,-0.7874245626708896,0.0
0.9536004883696539,-0.7603082564517027,1.0
0.9725813700908665,-0.833179001778996,1.0
1.0759975078569326,-0.6415837361076433,3.0
0.8646674195597658,-0.16607658979010434,3.0
0.6443393088875483,-0.07554136326842462,3.0
0.5990868756449218,-0.04481567482385342,1.0
0.6317715853873553,-0.03847175879117567,1.0
0.8282968948686626,0.022458437472638215,3.0
0.902351148984387,0.03161491793254865,3.0
0.892903318701222,-0.0013912353534573942,3.0
0.951788473563964,-0.09426391836389968,3.0
1.0405103536994087,-0.19872108580007763,3.0
0.8862922876112093,-0.4851951937310292,3.0
0.9126424023847802,-0.4523144753323659,3.0
1.0043302450262461,-0.49184031328299493,3.0
0.9811974951656,-0.4830675943361649,3.0
0.9526998072889891,-0.4950595424086827,3.0
0.9046174990720445,-0.5311946436594229,3.0
0.8048996931117715,-0.4459218234517397,3.0
0.7500170030513096,-0.46772112855458325,3.0
0.8803425194198632,-0.5440001874449598,3.0
1.0424470044441145,-0.5071577506086947,3.0
1.044513084817798,-0.5858299260546165,3.0
1.0922840695033122,-0.6066712921133586,3.0
0.08920417860885813,-0.4473964157473166,3.0
0.09648366313248072,-0.4493620949479041,3.0
-0.15787724942596837,-0.5014077194991046,3.0
-0.6565818604186425,-0.5447354862219307,0.0
-0.752852470663917,-0.5585157469664368,0.0
-0.3621582166338045,-0.5230206033256426,3.0
0.20024308236305793,-0.526490968542125,1.0
-0.4152970688124825,-0.583023486897891,3.0
0.9034568934689878,-0.4753936956551016,3.0
1.0902390281022403,-0.4941546002702738,3.0
1.0853270937876982,-0.4454445849843975,3.0
0.10586171859508574,-0.5923112611995422,3.0
1.2368385892600502,-0.8705008076114754,1.0
1.2515637395593162,-0.8746319030944063,1.0
1.2331304037582238,-0.8760276658217169,1.0
1.177782725771434,-0.8746108641217947,1.0
1.0819502055254777,-0.9088745620745361,1.0
1.1149867188479106,-0.8789677956651643,1.0
1.1132764367958619,-0.8780303629614563,1.0
1.1200089080315823,-0.8986765193122956,1.0
1.2034377555004943,-0.8987564141449981,1.0
1.2072806969534788,-0.8888137685312963,1.0
1.2088932409935218,-0.9102319752821495,1.0
1.1719618545768478,-0.8881056339974441,1.0
1.5209339617053428,-0.8591775792886764,1.0
1.5233334698475043,-0.8607917212253735,1.0
1.478345222185014,-0.7694535516350348,3.0
1.528093071347694,-0.8607637580339277,1.0
1.5312920604490972,-0.8764005083743279,1.0
1.5580477746566872,-0.8855913436123004,1.0
1.5614843177273254,-0.882181698468672,1.0
1.4408915898785752,-0.7089883432975488,3.0
1.4632498924942265,-0.7031914405527733,3.0
1.4635023601655661,-0.7031743963217968,3.0
1.474956616013997,-0.7050655070118621,3.0
1.4623108618938647,-0.6417304762837066,3.0
1.1319971276785739,-0.9941836012730444,2.0
1.308355117173038,-0.9722436812646446,1.0
1.352251468788596,-0.9799764358057986,1.0
1.042030752365735,-0.9597294873023622,1.0
1.2145953352034904,-1.0056178834132996,2.0
0.9323426039164234,-0.9750736893970172,2.0
-0.15028883821589661,-0.9171077245845161,3.0
-0.15407132591213615,-0.7164851417661219,3.0
0.11724247119743035,-0.7272299315001557,2.0
-0.5184389009862703,-0.703111545720071,0.0
-0.34097356911055116,-0.7324728967381945,3.0
-0.4269542575359773,-0.8425003319103823,3.0
2.0799836724703407,-0.7810353728996805,1.0
1.6713865843282794,-0.7571414915994895,3.0
1.630037812611491,-0.6613513156148655,3.0
1.5595993323077673,-0.5763056630481661,3.0
1.3829955330446888,-0.5830820764418726,3.0
1.4049026961716806,-0.5041928533671095,3.0
1.3896843284385318,-0.5939006357381016,3.0
0.3778471649315703,-0.6859085903425951,2.0
-1.764115589797912,-0.4139793367051113,3.0
-1.0579054561495338,-0.4367080850283926,3.0
-0.21015190583091573,-0.3893461618863144,3.0
-1.1823959865697238,-0.5847084689195841,0.0
-0.7651512148940118,-0.34911804835623145,3.0
1.698223791265226,-0.5770276460196866,3.0
1.492972368156165,-0.5528211096075204,3.0
1.2548191876758292,-0.4371032981341604,3.0
1.6069620543981729,-0.3585890481408803,3.0
1.593421478151774,-0.34258904262779316,3.0
1.5930001660673232,-0.3458724539357519,3.0
1.9177604104614718,-0.4569813988266208,3.0
1.4750349129500453,-0.25566080148651676,3.0
1.779155126263862,-0.3919049270616625,3.0
0.6126945635507908,-0.3018418790012538,1.0
1.8247532378159808,-0.5003696193061917,3.0
0.8660914117946311,-0.27137851192405543,3.0
1.0248195411888799,-0.25843554902627036,3.0
1.0261346101351612,-0.25992452239173364,3.0
1.0172220752311019,-0.25990454868355806,3.0
1.08297232675185,-0.2731287413924555,3.0
1.1296570080287212,-0.2642114127984342,3.0
1.1481856849968384,-0.2641919717224766,3.0
1.0579724346509494,-0.30295428138857994,3.0
0.45160660711462286,-0.3154863185301658,1.0
0.8949976285824602,-0.4142693549478209,3.0
0.45774838922056355,-0.31251236654087433,1.0
-0.4386428715603351,-0.25667519954572793,3.0
-0.8200781134285691,-0.2984082654078147,3.0
-1.0646363294886,-0.31297469130611205,3.0
-1.4172381920248187,-0.33680971674621224,3.0
-0.7656316491546622,-0.3253093882109231,3.0
-1.1171253703612989,-0.29730145565877775,3.0
-1.1136985478286392,-0.30804704434113844,3.0
0.6745603283055495,-0.46148800002325285,1.0
1.788190699210283,-0.4919138165290811,3.0
-1.7935183529709864,-0.23627884770513813,3.0
-1.5551876728039966,-0.3090302834155957,3.0
0.2853715592396588,-0.22832185500019936,1.0
-2.2003235331735875,-0.20458723073319515,3.0
-0.5811848404813003,-0.15745540470929983,3.0
-0.14045511589077903,-0.21706547202076143,3.0
1.0231870234406613,-0.16285975750939763,3.0
2.025222156239477,-0.2395659874386229,3.0
2.159962128430946,-0.39256805417309226,3.0
2.062189495330867,-0.3948522474400532,3.0
2.0782616725094956,-0.3881671804717363,3.0
2.17662606000379,-0.2806226103838295,3.0
2.191512597865115,-0.2755958938263049,3.0
1.1415943612988924,-0.3338970174619926,3.0
1.4567512468022152,-0.14573722959684218,3.0
1.1423677432794515,-0.11884649312198509,3.0
1.1762601965762358,-0.13877519387515705,3.0
1.2423934106617374,-0.22234944993958766,3.0
0.7784092297487533,-0.15475629094450452,3.0
1.312258512382767,-0.27269970614084377,3.0
1.3057843677727845,-0.30375775708945685,3.0
1.2738325599623408,-0.2711915580155319,3.0
1.341188164988189,-0.3195532318308258,3.0
1.4230153873775275,-0.3699122764636792,3.0
1.5896025051486002,-0.48586870717071023,3.0
1.1712635737390291,-0.46262623507315276,3.0
-1.86740496109609,-0.32300388965524146,3.0
0.5144406972417344,-0.21516424131855388,1.0
0.47461978104232455,-0.32310482346055547,1.0
1.10743292873201,-0.2695521160484791,3.0
0.5412241083246613,-0.1384918335351726,1.0
-1.9506187583069785,-0.14625308389999053,3.0
42.0,42.0,4.0
42.0,42.0,4.0
42.0,42.0,4.0
42.0,42.0,4.0
42.0,42.0,4.0
42.0,42.0,4.0
42.0,42.0,4.0
1.4425278360523202,-0.2646606880743306,3.0
-0.8522757310076271,-0.30878021258923727,0.0
1.072477341528066,-0.22088391239171704,3.0
0.8257961866050783,-0.30353671471898025,3.0
-0.11974690788654087,-0.1701853147198786,3.0
42.0,42.0,4.0
0.18945674731601897,-0.41411862003012245,2.0
0.7468531676762955,-0.5214440119603158,3.0
0.9494307770509168,-0.20260743677883025,3.0
1.0402786586845718,-0.27770165530023055,3.0
1.0524796649026609,-0.18235036826325157,3.0
42.0,42.0,4.0
42.0,42.0,4.0
1.0719572261671735,-0.16711522261523523,3.0
0.3947475852092131,-0.14839106962310614,1.0
0.2572219465175212,-0.12906664012127317,1.0
0.2013743931941236,-0.2960159478005965,1.0
-1.5238510552053612,-0.14950320569432324,3.0
-0.9417960268378777,-0.22858683952866224,3.0
-1.4929531933963163,-0.04698348795117792,3.0
0.7264719958539191,-0.12373792109613362,3.0
-1.4316504208960004,-0.13595677049352617,3.0
-1.790085538325874,0.00972293482377029,3.0
-1.6722941896277783,-0.0748081950203258,3.0
42.0,42.0,4.0
-0.5828349350927133,-0.14990427775448917,3.0
-0.3327087149835992,-0.044620731432059614,3.0
-1.7167086592334113,-0.22028443483034021,3.0
-1.0999696860931718,0.005931925012042495,3.0
-1.0392964848745507,0.07233571626429623,3.0
0.22930988776461875,0.15081800832449535,3.0
0.9514089731086277,-0.20440507051463375,3.0
0.9632797473515469,-0.09918464111003908,3.0
1.0560248649457742,-0.3186767855160807,3.0
1.1686297074209409,-0.3108510866528829,3.0
0.8802029697787431,-0.18888470031386997,3.0
0.444049621205414,-0.05654210573569032,1.0
-0.7295767090527334,-0.12073733749594136,3.0
0.17082260916873454,-0.11766910960406106,1.0
-1.0974163803980586,-0.12469745803688917,3.0
0.6416644298886727,-0.28757905346722545,1.0
0.19246052670951935,-0.07611926922497181,1.0
1.0638375143196308,-0.29625669756313966,3.0
0.5720302242341528,-0.16714664791609818,1.0
0.4549805658996442,-0.40344253985221284,1.0
0.9547954487507724,-0.5816546220975902,3.0
1.032449497711957,-0.6072950044406551,3.0
1.2619511330750615,-0.7585039648131741,3.0
1.1693610114562765,-0.9232726761919405,1.0
0.9152549634141479,-0.7045485874442777,3.0
0.6080135253027585,-0.5487030636139308,1.0
0.3027590716806771,-0.6245568156782217,1.0
0.7604661819043445,-0.5280696904363238,3.0
0.579731819790553,-0.5953738964531334,1.0
-0.5254267693705292,-0.7437306112981776,3.0
-0.9598511937641788,-0.7687233128641351,0.0
1.279176459005694,-0.7372399550894364,3.0
-1.7737342618650056,-0.5330878848783602,3.0
-1.357594302567513,-0.5814290523532605,0.0
-0.42936495095471705,-0.6928200260035687,3.0
1.4250479119214758,-0.6965774799855615,3.0
1.341020918471732,-0.8555511528323156,3.0
1.6268201813824574,-0.8058448489826406,3.0
1.5702210839994393,-0.6971111774680134,3.0
1.609658238685769,-0.6535985873655358,3.0
1.7883670004744459,-0.5242006500046568,3.0
0.6074137814252727,-0.48721307088898225,1.0
1.5948132461374491,-0.5952316836509232,3.0
1.7296038183896296,-0.46382412493147035,3.0
1.7299905093799093,-0.4243614038986762,3.0
1.7195498526423627,-0.4838851847908192,3.0
1.8976876326933267,-0.5121804724245841,3.0
1.6964208312072424,-0.43385184475928257,3.0
1.0658367493499532,-0.30722039913877786,3.0
1.4599118863839216,-0.34725410190928496,3.0
0.2459109687357367,-0.2680309184338258,1.0
0.4634486192177692,-0.2807440505295371,1.0
0.34384179360456646,-0.26984000376231665,1.0
0.2510391517307933,-0.24554877882748594,1.0
0.6762881872207929,-0.28747492386860335,3.0
0.14836763380551343,-0.2069238882736307,1.0
-0.023440877598768447,-0.19849232026243982,3.0
0.854357790347851,-0.22142187093191307,3.0
0.21980053846027284,-0.15432698937678374,1.0
-0.018033329005362555,-0.3891874374853457,3.0
-1.8211071039675533,-0.37435842390356644,3.0
-1.963168372311759,-0.4060271376901347,3.0
-2.0555744694992195,-0.477491201329648,3.0
-1.8726355426350603,-0.5253615219238222,3.0
-0.7725920869796933,-0.4115015316269016,3.0
-0.11171428140664387,-0.2580507222487539,3.0
-1.9461043007851306,-0.22882492613011532,3.0
-1.5220559514725933,-0.16706941624448587,3.0
-0.36773780543362944,-0.16226454100576493,3.0
0.40253839666213087,-0.1508025619901729,1.0
-1.0630232528163392,-0.10522655467510184,3.0
-0.2829395605321984,-0.32605853542556235,3.0
-0.5391606911120679,-0.13789768229597593,3.0
-0.5583194719940979,-0.1917691700905348,3.0
-0.6404281905106579,-0.24861354460994908,3.0
-1.0606422536437539,-0.07893795892271167,3.0
-1.2165662075682033,-0.28336753051937413,3.0
1.1716286931244788,-0.6128631416477928,3.0
0.5484567212130985,-0.46146616210231417,1.0
-1.107899514554992,-0.26506708645667665,3.0
1.1116934538439187,-0.41291114279188057,3.0
-0.1443662342676694,-0.3013353457619208,3.0
-0.8743807670036118,-0.36263705299780064,3.0
-0.9144271197892968,-0.5527902169388754,0.0
-1.345510342279333,-0.5881974762636969,0.0
-1.1457342452134205,-0.5229183379397836,3.0
-1.4980102699902678,-0.5778726670335688,0.0
-1.5072804674287248,-0.6650110315848524,0.0
-1.4366451795204442,-0.6096276672394555,0.0
0.5052738304535727,-0.4131486967611156,1.0
-1.0813159737118754,-0.5334359600328336,3.0
0.17125377494921837,-0.2618680973552735,1.0
0.6963255449464401,-0.32175646500064836,1.0
1.2140272829429766,-0.5575538131807002,3.0
-0.8045193937081082,-0.38519802217240695,3.0
-1.0623876894221915,-0.5179632604155822,3.0
1.5057448887441849,-0.5066203247007166,3.0
1.396915876062533,-0.47405865300064487,3.0
1.2691089111368674,-0.3660365781292868,3.0
1.9274021188719948,-0.4678172686699352,3.0
2.05266975969827,-0.37748284449444736,3.0
2.0396586198765787,-0.44092333640177,3.0
0.6599765918601666,-0.41035610604205847,1.0
1.9901366067743373,-0.5514237489835557,3.0
1.2681594942082541,-0.5335025390600856,3.0
2.063668615000297,-0.4426892785206015,3.0
1.4328754749974368,-0.37474777805493603,3.0
1.1183146049460737,-0.5388661454955052,3.0
-1.6598419141608405,-0.6198922890289479,0.0
-2.0010726114746387,-0.5476093033542353,0.0
-1.994285944910735,-0.3738441674970721,3.0
0.012752280563735424,-0.17340321226502134,3.0
1.8025051900694586,-0.1652150571774637,3.0
-1.2768069114257958,0.07836191717892754,3.0
0.2681765933454532,0.1473742747189139,3.0
0.9069669397857123,0.010385795619091013,3.0
0.41608163606961984,0.05389385834771553,3.0
0.31067904644646377,0.1353423792300449,3.0
0.5217308344097172,-0.08997702795719913,1.0
0.994374816239312,-0.00840546903250809,3.0
0.7299138652467374,0.05965321052112089,3.0
1.0038450170756337,0.012890764940419543,3.0
0.8017624893476581,0.04105529136466153,3.0
0.8311629888338059,0.11089962042918863,3.0
0.6172214047717074,-0.007159375958460016,1.0
0.7598515243247541,-0.26523513192146064,3.0
0.8216733469215266,-0.2894661694156556,3.0
0.8502802244028307,-0.21648383763868814,3.0
0.777153016662563,-0.21110292065618302,3.0
0.8616087790478099,0.05401583112564116,3.0
0.9808065431175763,0.094140614005429,3.0
1.5835613905318644,0.17174672606699207,3.0
0.5766595971570376,0.004047472224702426,1.0
0.7095843587495085,0.027591680473765947,3.0
0.5934998299940447,0.018340657795157696,3.0
0.5257828340082729,-0.02837385088592222,1.0
1.1054637874220055,-0.051848017998316655,3.0
1.121087754589173,-0.09032909785330759,3.0
0.7430842621016153,-0.00570928474491187,3.0
1.1257735865271676,0.024686438040598505,3.0
0.9181535479445901,0.06628394900320017,3.0
0.8703743074596967,-0.010566624257107393,3.0
1.3046258926986,-0.04019216085536685,3.0
1.0509760441512022,-0.0931086390830233,3.0
0.8553189251852606,-0.04659360116759032,3.0
0.9605569314530499,-0.06890769530914624,3.0
1.1034658839722278,-0.026023344907818283,3.0
1.0445397164286985,-0.05740337203222195,3.0
0.8827398970331525,-0.17170065338013368,3.0
1.117991297189738,-0.08559266585460167,3.0
0.48360395497970693,-0.11303947036506731,1.0
0.37272590615534784,-0.23676753776516762,1.0
1.1264359146902703,-0.13095695186301143,3.0
1.3583186823840145,-0.17187509043153387,3.0
1.5630625069893063,-0.12084146709456345,3.0
1.2173240100563856,-0.20797477163977593,3.0
0.8649909936322105,-0.2379491823408358,3.0
0.853479213504234,-0.23857609046144046,3.0
0.47951333954534514,-0.1819181372183317,1.0
0.6942557361472305,-0.21484439567163535,1.0
0.6944490816423702,-0.14028733674210403,3.0
1.2769881395379756,-0.16705130674907334,3.0
1.1296229195667682,-0.10181238215762026,3.0
1.82371460499085,-0.12822454858459012,3.0
1.9920455606437062,-0.1724372837376496,3.0
1.9388158946718566,-0.21609554875175457,3.0
1.9337313875186772,-0.2346750920966924,3.0
0.9426240036207832,-0.07612326396660693,3.0
0.16032895552549534,-0.23687113473157173,1.0
1.2497000594284788,-0.2363456930484991,3.0
1.0971717690519347,-0.25854660284372666,3.0
1.2489040405786542,-0.21287392278108572,3.0
1.5394264196826353,-0.23989355625270264,3.0
1.5072751411065446,-0.3230616802508962,3.0
1.5835741737050966,-0.27666035931400956,3.0
1.719158900594339,-0.28208149002897487,3.0
-0.12600187433881,-0.2533057681345597,3.0
-0.46061448318570686,-0.4150193011107873,3.0
-0.6647660207645651,-0.3781347863292988,3.0
0.4799133463410751,-0.43127683430128494,1.0
-0.19376254616645908,-0.42096374297995315,3.0
0.6203338411376831,-0.31765200112861824,1.0
-0.09355551751393859,-0.2565215351508304,3.0
0.4494174886985777,-0.28838865443860956,1.0
0.9834614484082763,-0.30603742298256464,3.0
0.9106045515186516,-0.31071846123059693,3.0
0.5855423046568878,-0.300034125253308,1.0
0.4254445115140114,-0.4235938808725153,1.0
-0.27311622453533213,-0.4160898918689991,3.0
-1.469480357864467,-0.3397873971610298,3.0
-1.649461844338093,-0.43668251868192776,3.0
-1.2890298887228782,-0.2982743084049837,3.0
1.5766307801110422,-0.6807718852320502,3.0
1.7160195663013533,-0.44738309994186615,3.0
0.5682549270728565,-0.5371585266045463,1.0
0.5843675843000539,-0.5376549398317371,1.0
0.5870728233353564,-0.5256163864401429,1.0
-0.8938074618913038,-0.5129128417243559,3.0
-0.2536935243892752,-0.5065715888527683,3.0
0.04815527883081279,-0.5034335861403278,3.0
-1.1636009934925986,-0.36928137360143937,3.0
-1.4356251888229439,-0.42588766151940055,3.0
0.34270861856073775,-0.3699583491505375,1.0
-1.3238057125532419,-0.41008526255919747,3.0
-2.0417723708337747,-0.275463801036237,3.0
-1.7027772640970436,-0.2369342516494066,3.0
-1.2585060678889348,-0.2606449074666001,3.0
-0.49421345613036455,-0.4662697057604901,3.0
-1.2724892615085048,-0.5243138343509851,3.0
-0.5323826798217072,-0.259734639006011,3.0
0.6565810614703156,-0.23693558322995165,1.0
0.7617735276834643,-0.31129077454885495,3.0
1.6549905667610976,-0.24497087287093872,3.0
-0.036095420150497964,-0.21896403956187893,3.0
1.195058918078887,-0.2088056778998807,3.0
1.3936295352773753,-0.19317931388773174,3.0
1.223351808867671,-0.1480134333805329,3.0
1.388878455892674,-0.21621112994306405,3.0
1.698019793125726,-0.12967543874646528,3.0
1.0420933366513518,-0.0769222122936307,3.0
1.3847681330662456,-0.03150492937952838,3.0
1.6437530922253993,-0.11788722249733855,3.0
1.7647895027117566,-0.0396962802603941,3.0
2.0625207925704734,0.02600070803855261,3.0
1.5022534845550912,-0.09757955392104832,3.0
1.423331238282811,-0.10927003215816915,3.0
1.5840109321238698,-0.1177210412453176,3.0
-0.6039348940933021,-0.29016737973067347,3.0
1.7509309450312023,-0.22956288806817626,3.0
2.118231992046059,-0.16867716659456672,3.0
2.089677046206011,-0.08541929406763751,3.0
1.6771011953953714,-0.22424002799743492,3.0
1.9089251072290252,-0.15235385332514406,3.0
1.1617185380760762,-0.2668804328429116,3.0
-1.2349229774879562,-0.11789254881951872,3.0
-1.3686964885198354,-0.06790022146876927,3.0
-1.3240651044434155,0.0558187911836248,3.0
0.07461911058293018,-0.08965478546529952,3.0
0.8477904350997156,-0.3022541363379981,3.0
0.7622049597800572,-0.32399165610355185,3.0
0.7001399905757606,-0.2575340689972785,3.0
0.6666390219592178,-0.12575073824801553,3.0
0.6941521391808264,-0.017296166015628618,3.0
0.6669514107550841,-0.16742228508892137,3.0
0.6800869201996819,-0.21128907561637958,3.0
0.5621448365838877,-0.17259680708694536,1.0
0.548240472532584,-0.07688652593502364,1.0
0.7259079383350403,-0.16509414966397412,3.0
0.2871281802946751,0.014395717272423322,3.0
0.3906548392459793,0.06311718415098695,3.0
0.44434017208034166,-0.04136421805111073,1.0
0.06865016763173558,-0.21148455164039137,3.0
-0.026373284275054695,-0.16859514123299227,3.0
-0.5599567834322786,0.03591965151855273,3.0
0.8948106746739367,-0.20451239590656395,3.0
0.8997796006358064,-0.1270306534679076,3.0
0.8120806406750612,-0.1909079037940032,3.0
0.683216933428852,-0.10432107990447492,3.0
0.8352842306207036,-0.009550095669024148,3.0
0.7400634384771384,0.02513890910980297,3.0
0.7781863231655137,-0.23005663813427696,3.0
0.6957273989656083,-0.23153149674596285,3.0
0.5831033817305933,-0.23064785989627457,1.0
0.6160501465242906,-0.2517097356932752,1.0
0.6575525826359765,0.07511419222957591,3.0
0.6627990099834326,0.12426149856644321,3.0
0.6750580731132853,0.09079035735410931,3.0
0.4372021014106023,-0.05024665923485201,1.0
0.5785280709778372,0.11246822231124531,3.0
0.7237017756880186,-0.10850064491924526,3.0
0.5943773415732257,0.024404675597268125,3.0
0.5439170968189494,-0.05178277055160972,1.0
0.5319389971841001,-0.05196146866075403,1.0
0.613210417853939,-0.17783284810615013,1.0
0.6631335030163465,-0.13361052557316636,3.0
0.5376639945794434,-0.1257768372266983,1.0
0.45943603440334674,-0.1454552008374028,1.0
0.4667123231336613,-0.017763817103046534,1.0
0.5232576246626597,0.005302087414238756,1.0
0.5357302733119368,-0.15968473685780515,1.0
0.5016071902647515,0.03472389218910716,3.0
0.5536866369617961,0.002380067066203815,1.0
0.4797516924629073,-0.04644686099152695,1.0
0.4077661818819564,-0.01767593278707392,1.0
0.4582503950860435,0.1311612163186205,3.0
0.39777906147805026,0.07430618915484587,3.0
0.43539514661098355,0.05390184783098576,3.0
0.535467685628455,0.03255820959065472,3.0
0.6165928987544488,0.15045475315180853,3.0
0.6032845501551047,0.0931962570828869,3.0
0.6470735763787326,-0.06762405166372805,3.0
0.45951805976492127,0.18885966659962322,3.0
0.5710230167098849,0.24342224469705767,3.0
0.4729289400662332,0.22979804519243027,3.0
0.40515601769756976,0.13824016481216012,3.0
0.35317830375416626,0.20004947055180916,3.0
0.08322431669719421,0.23871723799921465,3.0
0.5266257244932829,0.10651605727491821,3.0
0.5206341446728227,0.0515739787221475,3.0
0.6018405842120639,0.007519701653947736,1.0
0.6478799815568087,-0.14803420603703554,3.0
0.6799122168321727,-0.06217389249288089,3.0
0.6913576842490062,0.09870207632051671,3.0
0.7011916728902328,0.021033113657227806,3.0
0.7013818225920645,-0.013599698422598637,3.0
0.7227848493247042,0.010021741498077181,3.0
0.6871983592585205,-0.013820208160857198,3.0
0.6998792671050418,-0.12272085987583237,3.0
0.6956413788623987,-0.018344652536792818,3.0
0.6641151441941497,-0.07191919786980784,3.0
0.6352238411084251,-0.07143183939032334,1.0
0.6430021357042196,0.01360342684812475,3.0
0.555599319256691,0.06729808074630235,3.0
0.48746154381868667,0.1718188977325332,3.0
0.5141397600385554,0.0817079127725031,3.0
0.5090975971467083,0.08892720985548988,3.0
0.4882032341822737,0.07697520919932327,3.0
0.48781547792755814,0.0932396666086552,3.0
0.5007595060897793,0.15202415398219224,3.0
0.5287570523136733,0.26119325233504737,3.0
0.5245857430982822,0.253214954341388,3.0
0.5299072715884786,0.2453061648521797,3.0
0.4981014050057712,0.21834085986680038,3.0
0.539101568935868,-0.05264190631926928,1.0
0.5520272212865677,-0.11436812143290784,1.0
0.5442715635600389,-0.2386882095433328,1.0
0.5299557411203181,-0.22545442945451105,1.0
0.5190841849183965,-0.24550829877891672,1.0
0.5494410255519917,-0.22096007879889332,1.0
0.5734156006332121,-0.26249979916584026,1.0
0.5075100868209121,-0.23158236312278338,1.0
0.5305980955752451,-0.17101275887056622,1.0
0.4083430225740676,-0.2651437854960709,1.0
0.43283291932621826,-0.2807642905538217,1.0
0.5162934584121025,-0.13814748680622535,1.0
0.7747945212011889,-0.5048085762111358,3.0
0.2152960677925128,-0.8757150107097414,2.0
0.7829762847021301,-0.8752657354338451,1.0
0.92876784278521,-0.7666463135299822,1.0
0.8852565842632774,-0.6224643700097464,3.0
0.7355736151953738,-0.7250253667497879,1.0
0.846152324713208,-0.6186744254624547,3.0
0.9092245014417726,-0.48133041435710616,3.0
0.6060758092936168,-0.5602119142647082,1.0
0.38479801537667707,-0.2002526697429822,1.0
0.8941392917631277,-0.42210757066814214,3.0
1.0593562131533545,-0.517219439523123,3.0
1.1213564675431622,-0.4835464307001611,3.0
1.224996577156904,-0.6432732455031895,3.0
1.274978784495511,-0.7240016476267616,3.0
1.1952519972579179,-0.5466654790639112,3.0
1.0884579059651953,-0.5919908829204057,3.0
0.7051177049692277,-0.46586810106810617,1.0
1.054236285957677,-0.6123467547124264,3.0
1.1079389293391249,-0.7219725851922301,3.0
0.9738748674323181,-0.6257296718222926,3.0
1.1469419887677714,-0.621510692023389,3.0
1.2080434262896775,-0.8128510931784211,3.0
1.1200331427975019,-0.552774504288444,3.0
1.0305075206450711,-0.5601602489395607,3.0
1.4927199004848255,-0.10791075473779271,3.0
1.2938318344843998,-0.23074479895995345,3.0
1.2708540805991961,-0.2926025742314419,3.0
1.6372693602354922,-0.06097254052514614,3.0
1.2435478909942868,-0.3523394080107913,3.0
1.2382367488323418,-0.36621527623843114,3.0
1.4248210105966015,-0.40066166704195205,3.0
1.304081808887897,-0.37235093307386474,3.0
1.2834905136555133,-0.48496855872226347,3.0
1.289633627341999,-0.47479395177761574,3.0
1.3198615709788344,-0.3781105515633791,3.0
1.3070853219652883,-0.15965197997639718,3.0
0.658413049984181,-0.2751005458635502,1.0
0.85159582598133,-0.3279200850275278,3.0
0.7111289921817546,-0.3137832270130601,3.0
0.822531683740859,-0.3136375521014328,3.0
0.7252940797037769,-0.2395747758702202,3.0
0.6941923529132866,-0.2455580998913012,3.0
0.9466965095597325,-0.26649747027815823,3.0
0.8740729055815987,-0.18467743842376277,3.0
0.8452705520762828,-0.1893062787144295,3.0
0.8343044536556634,-0.1915641066865987,3.0
0.7986905330302518,-0.19040722950906827,3.0
0.7191744018348839,-0.4280956883791853,1.0
1.2770864101821997,-0.4515679912788167,3.0
1.3617483012358187,-0.44652742628362374,3.0
1.1557181698240186,-0.46671418734642434,3.0
1.1516459302011783,-0.4437984851146195,3.0
1.14595715179666,-0.5279146944608812,3.0
1.169308813498911,-0.4914120769797102,3.0
1.1563778348260312,-0.5363553172197785,3.0
1.1346754687868665,-0.5135274993039461,3.0
1.2488190857398807,-0.5528485401667481,3.0
1.1847863068061244,-0.5584656795379433,3.0
1.2483157482938556,-0.43997977842755487,3.0
1.0758009665684847,-0.4420969914941679,3.0
1.182823823398845,-0.271129240046024,3.0
1.174853514888456,-0.25970321370514804,3.0
1.3197630340185014,-0.3018538632261592,3.0
1.1861996463966296,-0.29676323080247274,3.0
1.3102480920758663,-0.47026577897615396,3.0
1.3209811639011035,-0.4133662770221751,3.0
1.1747680274174643,-0.38910008580159106,3.0
1.1649628009160107,-0.35031114452458695,3.0
1.197033652027181,-0.36274011733198674,3.0
1.1903105018552758,-0.36431058342680644,3.0
1.2208263332059488,-0.35052739320510135,3.0
1.2022909983351062,-0.4484507612228789,3.0
0.6605813957437235,-0.3280183556717517,1.0
-0.16075479498379902,-0.1767830300044409,3.0
0.36940174848271096,-0.1496131942473435,1.0
0.5046413296946788,-0.17782246177789882,1.0
1.101920451591655,-0.244610280859342,3.0
1.0922656936917907,-0.21630300900067176,3.0
1.1807779830494463,-0.1576668596998521,3.0
1.0203267884299163,-0.23183722763910394,3.0
1.141282238819135,-0.12524713448588154,3.0
0.0615760128281581,-0.08004610025229364,3.0
-0.7274307338463476,0.020359866533655773,3.0
0.32284836104758086,0.10952942404834289,3.0
-1.2148153123095309,0.008626511402984668,3.0
-0.9916782324775524,-0.1095371472155041,3.0
0.15912014670670838,-0.025161545979068643,1.0
0.3213519308310653,-0.03519180959263408,1.0
-0.8144713603856253,-0.07596054482400309,3.0
0.5581743297146886,-0.15447106639175703,1.0
0.07891478942122798,-0.10101503172725054,3.0
1.3114739451256299,-0.10578661745234551,3.0
1.2621817628254624,0.03696547487862685,3.0
1.6157265175456232,0.0050179281259273,3.0
1.3654756614974934,-0.018898590043529298,3.0
0.8652892676742994,-0.022626749253531222,3.0
0.8204666686316117,-0.009758088550159336,3.0
0.8287224680108574,-0.03711647611243434,3.0
0.6940858264696834,-0.06533746155178602,3.0
0.6256122264182201,-0.04437305745068225,1.0
