class,gazex,gazey,fps
1.0,652.3125,150.0,25.680408015821023
1.0,585.75,232.5,25.39278470973562
1.0,625.6875,225.0,25.501164310685517
1.0,639.0,225.0,26.610227128536987
1.0,612.375,232.5,15.22571558217624
1.0,599.0625,232.5,26.45380695292396
1.0,599.0625,232.5,15.347335450726696
1.0,585.75,232.5,12.004476309048496
1.0,572.4375,262.5,15.656872809260552
1.0,519.1875,277.5,27.799676555582067
1.0,572.4375,262.5,22.095984659312407
1.0,519.1875,292.5,10.72731225367206
1.0,519.1875,292.5,18.971454417984035
1.0,519.1875,292.5,28.2526522831527
1.0,639.0,150.0,21.869594915192376
1.0,559.125,292.5,16.51079776722801
0.0,519.1875,315.0,22.565186281102893
1.0,639.0,150.0,27.841565493298997
1.0,639.0,157.5,22.57684668342493
1.0,652.3125,150.0,18.81756717348683
1.0,652.3125,150.0,25.663595090372876
1.0,559.125,292.5,28.62908433159278
1.0,652.3125,150.0,26.347289139597848
1.0,652.3125,150.0,14.625051867400773
1.0,559.125,292.5,18.671723781796167
1.0,559.125,292.5,20.35862363545464
0.0,559.125,315.0,20.6972810264002
1.0,572.4375,292.5,20.06431212717001
0.0,572.4375,307.5,20.66648271512476
1.0,572.4375,292.5,27.61190767731827
1.0,665.625,142.5,16.870475991279793
1.0,665.625,142.5,12.914133701167543
1.0,665.625,135.0,25.26263039969162
1.0,665.625,135.0,14.984312982962564
1.0,665.625,135.0,26.42397515293169
1.0,665.625,150.0,4.377315169940022
1.0,665.625,150.0,23.55755005756972
1.0,692.25,150.0,3.594164747175606
1.0,692.25,150.0,25.31737379956419
1.0,692.25,150.0,12.456799363246493
1.0,692.25,142.5,14.810186296803716
1.0,692.25,150.0,15.657574185167071
1.0,692.25,150.0,24.5417278605073
1.0,692.25,150.0,9.622633804335608
1.0,692.25,150.0,16.976314213091133
1.0,692.25,150.0,1.6415670702186758
1.0,705.5625,142.5,25.18133570279292
1.0,692.25,142.5,23.97087583940563
1.0,692.25,150.0,20.50372745804471
1.0,585.75,262.5,24.77263277263277
1.0,692.25,150.0,20.43928111964446
1.0,692.25,142.5,23.6320118996642
1.0,692.25,150.0,18.787055161138607
1.0,692.25,150.0,25.723089000098124
1.0,692.25,150.0,4.46500853761875
1.0,692.25,142.5,17.61846233980081
1.0,692.25,142.5,23.145712504069795
1.0,692.25,142.5,27.55567235171997
1.0,692.25,142.5,28.95618916120124
1.0,692.25,135.0,16.688367133381874
1.0,572.4375,255.0,26.81917233618088
1.0,572.4375,262.5,29.691875322983694
1.0,572.4375,262.5,16.904336611317106
1.0,572.4375,262.5,19.900193104233583
1.0,572.4375,262.5,27.541378019712266
1.0,572.4375,262.5,19.662766276627664
1.0,572.4375,262.5,21.423338202694836
1.0,572.4375,262.5,20.054430876038747
1.0,572.4375,262.5,20.76624566163474
1.0,692.25,150.0,30.16031121689545
1.0,692.25,150.0,21.38270950375725
1.0,692.25,150.0,30.965699520118125
1.0,572.4375,262.5,30.69175100066589
1.0,585.75,262.5,23.19909732516206
1.0,705.5625,150.0,28.488300538616716
1.0,705.5625,150.0,30.22878228782288
1.0,692.25,150.0,30.337668349559507
1.0,692.25,150.0,20.015098517348505
1.0,705.5625,150.0,30.176368594101863
1.0,705.5625,142.5,29.824040957087497
1.0,692.25,150.0,29.725754783841246
1.0,692.25,150.0,18.308142910146447
1.0,692.25,150.0,20.75997584612796
1.0,692.25,150.0,23.06412836671176
1.0,692.25,150.0,19.10792415697065
1.0,692.25,150.0,28.04785309714393
1.0,692.25,150.0,24.2739973378089
1.0,599.0625,262.5,27.661256603201192
1.0,599.0625,262.5,20.266548123523243
1.0,599.0625,262.5,28.48172317554308
1.0,599.0625,262.5,24.66802329000765
1.0,585.75,262.5,28.862537847508943
1.0,585.75,262.5,13.754477095569309
1.0,585.75,262.5,29.105484119439023
1.0,585.75,262.5,25.489541172895777
1.0,585.75,262.5,23.19409406364918
1.0,572.4375,262.5,27.715543103334348
1.0,572.4375,262.5,25.590628431970718
1.0,572.4375,262.5,26.112723582550444
1.0,572.4375,277.5,19.34606372576152
1.0,572.4375,277.5,28.354643970173672
1.0,572.4375,277.5,25.626276944132165
1.0,572.4375,277.5,17.55894000921003
1.0,585.75,277.5,27.602095343388875
1.0,585.75,277.5,16.607158694963573
1.0,585.75,285.0,19.80322853271262
1.0,585.75,285.0,12.694086812302142
1.0,585.75,285.0,24.329191753964665
1.0,705.5625,150.0,25.28852391805038
1.0,692.25,150.0,22.16265171650348
1.0,599.0625,285.0,13.35272319779954
1.0,705.5625,150.0,23.525178080655117
1.0,705.5625,150.0,21.758413006375573
1.0,692.25,150.0,13.314320904571744
1.0,692.25,150.0,26.02813615067176
1.0,692.25,150.0,23.202819098618665
1.0,692.25,150.0,21.379875624426543
1.0,692.25,150.0,6.658682330528656
1.0,692.25,150.0,30.20092165898617
1.0,692.25,150.0,19.38298727765942
1.0,692.25,150.0,29.94583865831804
3.0,-1.0,-1.0,15.602590571421132
1.0,692.25,150.0,28.18203441533572
1.0,692.25,150.0,25.99877267909277
1.0,692.25,150.0,15.892692316436415
1.0,692.25,150.0,22.85101607191501
1.0,692.25,150.0,21.62714696009529
1.0,692.25,150.0,22.474622770919066
1.0,692.25,150.0,17.239014726493302
1.0,692.25,150.0,12.10390015150422
0.0,585.75,315.0,20.440277195684168
1.0,692.25,150.0,26.972669161811424
1.0,692.25,142.5,14.274788480257024
1.0,692.25,142.5,19.162923299036898
1.0,692.25,150.0,28.265599202097192
1.0,692.25,150.0,17.67235618550837
1.0,692.25,150.0,28.169542294905806
1.0,692.25,150.0,26.772438004659623
1.0,692.25,142.5,26.660971268751588
1.0,692.25,150.0,17.463605552641003
1.0,692.25,150.0,1.8104914562565344
1.0,692.25,142.5,24.755964255781286
1.0,585.75,240.0,25.75831680310502
1.0,585.75,240.0,20.58705671583184
1.0,572.4375,232.5,15.84412385776831
1.0,572.4375,217.5,18.63273864524842
1.0,572.4375,232.5,15.224112898542309
1.0,585.75,232.5,24.909603815157293
1.0,572.4375,232.5,29.813441376123965
1.0,572.4375,232.5,27.457899629469605
1.0,572.4375,232.5,19.3949976185742
1.0,625.6875,150.0,26.900014109618912
1.0,545.8125,232.5,18.92249737206585
1.0,559.125,232.5,24.84070880318393
1.0,585.75,232.5,19.95026588913517
1.0,639.0,150.0,19.86174499822422
1.0,639.0,150.0,23.366596100278556
1.0,652.3125,150.0,21.91347053076493
1.0,639.0,150.0,29.87183249056335
1.0,652.3125,150.0,25.39539840155001
1.0,652.3125,150.0,27.338347824953395
1.0,652.3125,150.0,16.825133981579537
1.0,652.3125,150.0,18.013829357750883
1.0,639.0,150.0,13.82415525174355
1.0,652.3125,150.0,29.489379952331067
1.0,652.3125,142.5,19.231810428626453
1.0,665.625,142.5,26.759968865240083
1.0,639.0,135.0,28.81871087872146
3.0,-1.0,-1.0,19.17825707244137
3.0,-1.0,-1.0,28.633188607629503
1.0,652.3125,142.5,20.07208966223524
1.0,665.625,135.0,9.477368040491683
1.0,665.625,135.0,19.605323062396877
1.0,665.625,135.0,24.3886078451895
1.0,665.625,135.0,30.115268353975942
3.0,-1.0,-1.0,30.51379350483064
3.0,-1.0,-1.0,21.56465585941316
3.0,-1.0,-1.0,31.117323243564066
3.0,-1.0,-1.0,30.899998526573253
3.0,-1.0,-1.0,24.431937462501384
1.0,652.3125,150.0,29.92361968223619
1.0,652.3125,150.0,30.14405427548835
1.0,652.3125,150.0,30.5020325942302
1.0,652.3125,150.0,20.63750202965011
1.0,652.3125,150.0,30.18331762149092
1.0,665.625,150.0,27.851918747883367
1.0,665.625,142.5,12.556781338035549
3.0,-1.0,-1.0,10.696071505986458
1.0,665.625,150.0,25.512642867135845
1.0,665.625,180.0,24.12765908489513
1.0,665.625,150.0,15.123383296254763
3.0,-1.0,-1.0,4.821909241092933
1.0,665.625,150.0,22.173079159662088
3.0,-1.0,-1.0,28.732635963199684
3.0,-1.0,-1.0,19.59625483563513
3.0,-1.0,-1.0,23.160538275068056
3.0,-1.0,-1.0,29.402762004907117
3.0,-1.0,-1.0,19.55350016782904
3.0,-1.0,-1.0,29.942845720567973
3.0,-1.0,-1.0,24.08415636914879
3.0,-1.0,-1.0,29.34105631339629
3.0,-1.0,-1.0,14.8316583803051
3.0,-1.0,-1.0,27.48885189602968
3.0,-1.0,-1.0,16.752556237218815
3.0,-1.0,-1.0,29.50120275155795
1.0,665.625,142.5,15.716891623511426
3.0,-1.0,-1.0,25.339245798243176
3.0,-1.0,-1.0,14.692471792428703
3.0,-1.0,-1.0,20.72991286555199
3.0,-1.0,-1.0,23.36685645522513
3.0,-1.0,-1.0,30.70748010454722
3.0,-1.0,-1.0,30.79337483848232
3.0,-1.0,-1.0,19.69203032935045
3.0,-1.0,-1.0,26.585432948588743
3.0,-1.0,-1.0,29.86757815281635
3.0,-1.0,-1.0,22.88755136229448
3.0,-1.0,-1.0,16.505404990614558
3.0,-1.0,-1.0,28.90012471491273
3.0,-1.0,-1.0,21.495802626049343
3.0,-1.0,-1.0,10.217300431170983
3.0,-1.0,-1.0,26.95446862930331
3.0,-1.0,-1.0,17.36498604774404
3.0,-1.0,-1.0,22.51455502890608
3.0,-1.0,-1.0,14.969766404339987
1.0,678.9375,142.5,28.01394584630181
1.0,665.625,135.0,23.393312696951952
1.0,665.625,135.0,18.72473861373762
1.0,665.625,135.0,17.669303810799654
3.0,-1.0,-1.0,27.833436191462116
3.0,-1.0,-1.0,17.4213892904019
3.0,-1.0,-1.0,18.44582536227104
3.0,-1.0,-1.0,18.27121686022705
3.0,-1.0,-1.0,22.23007573790128
3.0,-1.0,-1.0,18.58855960184188
3.0,-1.0,-1.0,19.760404790396592
3.0,-1.0,-1.0,27.23945473083992
3.0,-1.0,-1.0,25.28059791453197
3.0,-1.0,-1.0,14.706896733089522
3.0,-1.0,-1.0,1.964446746697004
3.0,-1.0,-1.0,27.84138068370395
1.0,665.625,135.0,22.27186270397137
1.0,665.625,135.0,16.02163566217197
1.0,665.625,135.0,11.241949749928972
1.0,665.625,135.0,15.112757355855498
1.0,665.625,135.0,16.429566375494534
1.0,678.9375,142.5,14.245504873823998
1.0,678.9375,142.5,14.079192233844006
3.0,-1.0,-1.0,19.66995882457769
3.0,-1.0,-1.0,29.51345037469655
1.0,678.9375,142.5,18.5747297470849
3.0,-1.0,-1.0,26.8328983059522
3.0,-1.0,-1.0,27.4519690811391
1.0,692.25,150.0,23.821392263436188
1.0,692.25,150.0,20.89910460255216
1.0,692.25,150.0,29.23674891955946
1.0,692.25,150.0,24.60464134031021
1.0,692.25,150.0,17.07229352122078
1.0,692.25,150.0,28.05667117074933
1.0,692.25,150.0,27.73166893669915
1.0,692.25,150.0,21.182818615691524
1.0,692.25,150.0,15.848673893903957
1.0,585.75,255.0,30.540677904394364
1.0,678.9375,142.5,21.1489597724912
1.0,665.625,150.0,15.534344190043036
1.0,572.4375,232.5,25.26202177893418
1.0,639.0,150.0,23.69743607127925
1.0,639.0,150.0,24.485137186223
1.0,639.0,157.5,9.065589998746384
1.0,572.4375,202.5,19.469994058229357
1.0,639.0,157.5,22.680985907876664
1.0,639.0,150.0,19.581434000317465
1.0,639.0,150.0,17.391050519122963
1.0,639.0,150.0,27.83639175189312
1.0,652.3125,150.0,19.954726891256048
1.0,665.625,150.0,18.049488333663252
1.0,652.3125,150.0,18.537950542529448
1.0,665.625,142.5,13.046614782603283
1.0,665.625,142.5,26.75007015485089
1.0,665.625,142.5,16.326601790579993
1.0,665.625,142.5,28.235534881216047
1.0,665.625,142.5,28.983201464948348
1.0,665.625,142.5,20.958316260755723
1.0,665.625,142.5,30.384700086931325
1.0,665.625,142.5,21.576525782954032
1.0,665.625,142.5,30.57295721262483
1.0,665.625,142.5,20.76665692939155
1.0,665.625,142.5,31.100710355771085
1.0,665.625,142.5,30.774847751118937
1.0,665.625,150.0,30.42128320060345
1.0,665.625,150.0,20.92830305419309
1.0,652.3125,150.0,24.63571273340264
1.0,665.625,142.5,27.327304474733523
1.0,652.3125,150.0,18.88262915025324
1.0,652.3125,142.5,27.90175886751284
1.0,652.3125,150.0,27.976947705442903
1.0,652.3125,142.5,20.85162316679095
1.0,652.3125,150.0,15.749113848002404
1.0,652.3125,150.0,27.32089630015633
1.0,652.3125,150.0,26.17611742826117
1.0,652.3125,150.0,26.33355935608629
1.0,652.3125,142.5,18.54704966746852
1.0,652.3125,142.5,29.58047294295205
3.0,-1.0,-1.0,21.433738572311903
1.0,652.3125,142.5,14.099259119818209
1.0,639.0,150.0,17.66640131077387
1.0,639.0,150.0,27.856358214506304
1.0,639.0,150.0,17.0550079698123
1.0,652.3125,150.0,17.47415520624591
1.0,652.3125,150.0,29.914015918751605
1.0,639.0,150.0,23.425976709765703
1.0,639.0,150.0,19.098179566337915
1.0,639.0,150.0,16.506249409690522
1.0,639.0,157.5,29.885028643087185
1.0,639.0,157.5,18.059047167983465
1.0,639.0,150.0,20.259108451309693
1.0,639.0,150.0,29.423594693754428
1.0,639.0,150.0,24.470851808634773
1.0,639.0,150.0,26.512164750352397
1.0,652.3125,150.0,20.349635149821456
1.0,652.3125,150.0,29.450245752001123
1.0,652.3125,150.0,28.24960767277552
1.0,652.3125,150.0,25.39432211034892
1.0,652.3125,150.0,15.97897054733722
1.0,652.3125,150.0,29.05608512524939
1.0,652.3125,150.0,22.89417261631842
1.0,652.3125,150.0,20.360402518409927
1.0,652.3125,150.0,28.769885038549127
1.0,665.625,150.0,14.67247832870406
1.0,652.3125,150.0,29.21231369271486
1.0,665.625,142.5,15.442149521011435
1.0,665.625,142.5,29.064541611807915
1.0,665.625,142.5,20.66953804910261
1.0,665.625,150.0,22.393746863287383
1.0,665.625,150.0,21.08283738137365
1.0,665.625,150.0,27.60918132927849
1.0,665.625,150.0,30.41665034990391
1.0,572.4375,240.0,15.1023094704853
1.0,692.25,135.0,29.840166762711743
1.0,692.25,135.0,23.60780340639177
1.0,572.4375,240.0,29.21251715083682
1.0,585.75,232.5,16.657151253762876
1.0,692.25,150.0,1.8504916418459632
1.0,692.25,150.0,29.916149555641148
1.0,692.25,142.5,22.114741565213723
1.0,692.25,150.0,19.87294367371693
1.0,692.25,150.0,29.01588355747413
1.0,692.25,150.0,29.478809687803096
1.0,692.25,150.0,20.664751760121003
1.0,692.25,150.0,27.95792617082828
1.0,692.25,150.0,20.32714936512552
1.0,665.625,150.0,29.085502683660877
1.0,665.625,150.0,20.22833111484075
1.0,599.0625,232.5,26.9733630014534
1.0,639.0,195.0,28.89335583646196
1.0,625.6875,202.5,22.04558069127912
1.0,639.0,195.0,16.779296632782465
1.0,652.3125,150.0,29.56733588991653
1.0,652.3125,150.0,25.879263537193346
1.0,665.625,150.0,21.037683514653587
1.0,665.625,150.0,27.077320352999656
1.0,585.75,292.5,19.84595657296433
1.0,665.625,150.0,28.61385017362177
1.0,665.625,150.0,18.885009702967626
1.0,665.625,150.0,20.67004735926512
1.0,665.625,142.5,28.334531304888262
1.0,585.75,292.5,30.266737866039342
1.0,585.75,292.5,19.250169815130988
1.0,585.75,292.5,22.373081703303445
1.0,665.625,150.0,28.33204315020839
0.0,519.1875,322.5,17.615798470384167
0.0,559.125,315.0,29.740509111536557
1.0,665.625,150.0,28.22603417296446
1.0,665.625,150.0,19.380748188673664
1.0,665.625,150.0,19.352847809235534
1.0,665.625,150.0,28.0366040333955
1.0,665.625,150.0,27.40354247110553
1.0,665.625,150.0,26.55009273501839
1.0,665.625,150.0,15.608512981962573
1.0,665.625,142.5,20.079296461723324
1.0,665.625,150.0,29.52446115076516
1.0,665.625,150.0,14.765296675056764
1.0,665.625,150.0,30.8863458961104
1.0,665.625,150.0,30.881115585955044
1.0,678.9375,142.5,31.56768798874062
1.0,665.625,150.0,21.397217645048237
1.0,665.625,142.5,31.21737447714316
1.0,665.625,150.0,30.860666171244414
1.0,692.25,150.0,21.50186346229757
1.0,665.625,150.0,31.248539754440337
1.0,665.625,142.5,30.883162018083823
1.0,665.625,142.5,30.79495745258845
1.0,665.625,142.5,20.84012302433159
1.0,665.625,142.5,30.14383763466362
1.0,692.25,150.0,29.03757857716485
1.0,692.25,150.0,24.75479537755114
1.0,692.25,150.0,20.034697542894264
1.0,692.25,142.5,30.369959524137084
1.0,692.25,150.0,30.32801631260033
1.0,692.25,150.0,14.942301389383683
1.0,692.25,150.0,28.44637358761852
1.0,692.25,150.0,24.275542745356784
1.0,692.25,150.0,29.21211023742696
1.0,692.25,150.0,16.98339440811451
1.0,692.25,150.0,27.165885126557683
1.0,692.25,150.0,23.38900785153462
1.0,692.25,150.0,22.441193780697905
1.0,692.25,150.0,20.550240078392942
1.0,692.25,150.0,23.33448680645574
1.0,692.25,150.0,20.04935014029704
1.0,692.25,150.0,17.636835355213087
1.0,692.25,150.0,28.47669547624059
1.0,692.25,150.0,23.555168676255036
1.0,692.25,150.0,26.920214370527265
1.0,692.25,150.0,20.74252255103656
1.0,692.25,150.0,28.280655383992983
1.0,692.25,150.0,28.332617300963268
1.0,692.25,150.0,18.02575166319988
1.0,692.25,150.0,20.298326017625453
1.0,692.25,150.0,20.137911167232414
1.0,678.9375,150.0,24.349247631432288
1.0,678.9375,150.0,16.271308476838147
1.0,692.25,150.0,13.622735392510313
1.0,692.25,150.0,28.78983025252768
1.0,692.25,150.0,26.59689661950932
1.0,678.9375,150.0,19.140012229736517
1.0,692.25,150.0,27.57868297333728
1.0,692.25,150.0,26.92055993787026
1.0,678.9375,150.0,27.66928562475674
1.0,678.9375,150.0,18.32782314976251
1.0,678.9375,150.0,26.94079107948049
1.0,678.9375,150.0,27.37760603647472
1.0,692.25,150.0,11.58423509266164
1.0,692.25,150.0,27.62736715914555
1.0,692.25,150.0,26.96278582402818
1.0,692.25,150.0,27.444604391865365
1.0,692.25,150.0,19.567274542460336
1.0,692.25,150.0,25.397551257675023
1.0,692.25,150.0,17.51501864541966
1.0,692.25,150.0,26.666056329073687
1.0,692.25,150.0,18.4455008817489
1.0,692.25,150.0,28.698231977667085
1.0,692.25,150.0,21.49789598314736
1.0,692.25,150.0,19.359100517866867
1.0,692.25,150.0,1.978089786693995
1.0,692.25,150.0,4.97626420457916
1.0,692.25,150.0,26.352917522728845
1.0,665.625,142.5,15.516873469327354
1.0,665.625,150.0,19.21656701715804
1.0,625.6875,292.5,22.778541714186407
0.0,625.6875,322.5,29.49020931328088
1.0,665.625,142.5,14.923799493324983
0.0,519.1875,330.0,29.326080420631648
1.0,639.0,150.0,21.59552262628655
1.0,652.3125,150.0,23.54749861049511
1.0,665.625,150.0,26.15799681935826
0.0,559.125,315.0,22.545657829667377
0.0,452.625,352.5,26.848184966362187
0.0,439.3125,352.5,19.017646952137405
0.0,439.3125,352.5,25.26202177893418
1.0,599.0625,292.5,23.17359043067488
1.0,599.0625,292.5,28.79872564232845
0.0,426.0,375.0,16.834115309746945
0.0,426.0,375.0,28.67900170940171
0.0,452.625,352.5,20.40378469097366
1.0,665.625,150.0,23.80057539423584
0.0,426.0,382.5,25.667207225951746
1.0,692.25,150.0,21.329536266228647
0.0,426.0,382.5,15.198240407576105
1.0,665.625,150.0,17.93840482086418
1.0,665.625,150.0,23.084438671612716
1.0,665.625,142.5,28.81534508580772
1.0,665.625,142.5,23.054873658115618
1.0,665.625,150.0,19.49778027770934
1.0,665.625,142.5,28.647660678915376
1.0,665.625,142.5,28.359245160548756
1.0,665.625,142.5,20.05174639295515
1.0,692.25,150.0,22.445517108516263
1.0,665.625,142.5,30.15640795197181
1.0,665.625,142.5,17.969992202428386
1.0,678.9375,300.0,17.560116221624927
1.0,665.625,142.5,18.52182360941833
0.0,625.6875,315.0,18.64441708192014
0.0,625.6875,315.0,18.23079363837491
1.0,665.625,142.5,30.54090028689181
1.0,665.625,142.5,31.698665336537736
1.0,665.625,142.5,30.09646819075501
1.0,665.625,142.5,21.6519319619028
1.0,625.6875,292.5,31.49964702524896
1.0,625.6875,292.5,31.344518096149105
1.0,625.6875,292.5,30.694670901453392
1.0,665.625,142.5,19.764688142046637
1.0,665.625,150.0,29.894826873458683
1.0,665.625,142.5,16.012521999396807
1.0,665.625,142.5,20.87019520229287
1.0,665.625,142.5,30.25931376792774
1.0,665.625,142.5,30.94879135798825
1.0,665.625,142.5,31.01538825582513
1.0,665.625,142.5,18.567986931634564
1.0,665.625,150.0,23.597045238456907
1.0,665.625,150.0,22.100525336832067
1.0,665.625,150.0,30.243386090781268
3.0,306.1875,360.0,15.006830224728349
1.0,665.625,142.5,27.301512084307
1.0,665.625,142.5,27.253437296946068
1.0,665.625,142.5,17.011015395597088
1.0,665.625,142.5,28.29992780465424
1.0,665.625,142.5,28.99983406161845
1.0,665.625,142.5,19.214542256102032
1.0,665.625,142.5,16.607092939923426
1.0,665.625,142.5,28.105929023265787
1.0,665.625,142.5,19.21595074036065
1.0,665.625,142.5,28.71827456350565
1.0,665.625,150.0,12.001453575710409
1.0,652.3125,150.0,17.486904533591268
1.0,665.625,150.0,23.05930992017241
1.0,665.625,150.0,16.34193229148403
1.0,692.25,150.0,24.0856776979574
1.0,665.625,142.5,30.039993124391223
1.0,692.25,150.0,19.909639383481988
1.0,678.9375,142.5,19.82916197842305
1.0,678.9375,142.5,27.17574186860179
1.0,692.25,150.0,23.336953618801743
1.0,678.9375,142.5,23.103384835715666
1.0,692.25,150.0,20.47240281926629
1.0,665.625,150.0,29.971731145760387
0.0,399.375,375.0,21.51984566761072
0.0,386.0625,367.5,17.956759626334673
3.0,332.8125,352.5,29.54151288913932
3.0,319.5,352.5,16.833777492374377
3.0,332.8125,352.5,29.141884427522285
3.0,346.125,360.0,21.062615813392924
3.0,346.125,360.0,26.878466103161227
3.0,332.8125,352.5,29.29863017526213
3.0,346.125,360.0,29.30948121645796
3.0,346.125,360.0,21.384017701461183
3.0,346.125,360.0,27.955876373864417
3.0,346.125,360.0,20.99408864529369
3.0,359.4375,367.5,20.807556455133547
3.0,346.125,360.0,30.320781314383616
3.0,332.8125,352.5,22.71365753276292
3.0,332.8125,352.5,23.20153559357661
3.0,332.8125,352.5,20.40914598245349
3.0,359.4375,367.5,29.29596982608088
3.0,359.4375,367.5,26.01344612865613
3.0,359.4375,367.5,26.89139076244454
0.0,372.75,367.5,1.8220126089425055
0.0,372.75,367.5,27.454125347733594
0.0,372.75,367.5,21.819990323738576
0.0,372.75,367.5,20.369994074966247
0.0,372.75,367.5,19.1466525458546
0.0,372.75,367.5,28.602727768685217
0.0,372.75,367.5,20.824705823941212
3.0,359.4375,367.5,12.972528934003872
0.0,372.75,367.5,25.548074287489417
3.0,359.4375,367.5,28.14629105208767
3.0,346.125,367.5,26.93594667146178
3.0,332.8125,352.5,13.802955211110014
3.0,346.125,367.5,28.595512588885786
3.0,306.1875,352.5,29.72638681190954
3.0,292.875,352.5,20.093244291996815
3.0,306.1875,352.5,29.47052458509577
3.0,306.1875,352.5,28.858566120820143
3.0,306.1875,352.5,29.46928222134787
3.0,306.1875,352.5,16.98291304277408
3.0,306.1875,352.5,22.394583829441885
3.0,319.5,352.5,24.083741494645576
3.0,319.5,352.5,27.139693940276292
3.0,319.5,352.5,17.97130113244412
3.0,319.5,352.5,27.16905258521292
3.0,332.8125,352.5,28.49584890277872
3.0,319.5,352.5,17.732051509694003
3.0,319.5,352.5,30.374798131585617
3.0,319.5,352.5,26.75945668331834
3.0,359.4375,367.5,18.134394050758782
3.0,359.4375,367.5,17.78294843149143
3.0,359.4375,367.5,28.879231044644577
0.0,372.75,367.5,24.130574109552
0.0,372.75,367.5,19.15277270402572
3.0,332.8125,352.5,18.886370288318226
3.0,346.125,367.5,30.857941628716254
3.0,319.5,352.5,20.4906054891692
3.0,319.5,352.5,13.213194595394931
3.0,332.8125,352.5,26.309442862340205
3.0,332.8125,352.5,26.44146609004829
3.0,346.125,367.5,27.2940502762395
3.0,346.125,367.5,16.4248696952965
3.0,346.125,367.5,29.623092189364996
3.0,359.4375,375.0,29.709541922551125
3.0,359.4375,382.5,21.39765428508752
3.0,346.125,382.5,30.27525823053436
3.0,359.4375,382.5,31.156850073169466
3.0,346.125,375.0,30.349522431259047
3.0,359.4375,382.5,17.969222332659285
3.0,359.4375,382.5,30.515791541466893
3.0,359.4375,382.5,30.863618301961765
3.0,346.125,382.5,30.73200468933177
3.0,346.125,382.5,21.00218318745368
3.0,346.125,382.5,30.975990546877885
3.0,346.125,390.0,29.51116614834724
3.0,359.4375,382.5,19.6187117324864
3.0,359.4375,382.5,26.05902307491581
3.0,346.125,375.0,29.030745165353892
3.0,346.125,375.0,22.56591470336635
3.0,346.125,375.0,18.696276617083967
3.0,332.8125,352.5,27.113553208269227
3.0,346.125,367.5,25.808242779261374
3.0,346.125,367.5,26.824832596780485
3.0,346.125,367.5,18.02064017185822
3.0,346.125,367.5,15.203859775039785
3.0,346.125,367.5,27.31395750167688
3.0,359.4375,367.5,15.545801936968823
3.0,372.75,375.0,26.8118004282929
3.0,372.75,375.0,20.31503949860265
3.0,372.75,375.0,29.45996783097919
3.0,372.75,375.0,14.02087936700017
3.0,372.75,375.0,23.76039654439881
3.0,372.75,375.0,26.35954222940064
3.0,372.75,375.0,16.009221620424974
0.0,386.0625,375.0,14.599852410854764
0.0,386.0625,375.0,21.88968274264004
0.0,386.0625,375.0,23.085201003918804
0.0,386.0625,382.5,11.886831059959814
0.0,386.0625,382.5,28.98921104468328
0.0,399.375,382.5,29.99745390568008
0.0,439.3125,367.5,27.331578261436206
0.0,399.375,375.0,18.330466400950986
0.0,386.0625,375.0,28.925436539681662
0.0,399.375,375.0,25.23436052318096
0.0,386.0625,375.0,21.325957412190608
3.0,372.75,367.5,18.817145061866864
3.0,359.4375,367.5,29.007856589576186
3.0,346.125,352.5,26.475347645228283
3.0,332.8125,345.0,11.064458859498943
3.0,319.5,345.0,22.5193902917
3.0,332.8125,435.0,30.03440028643036
3.0,306.1875,337.5,28.079210572120985
3.0,306.1875,337.5,17.243763258728148
3.0,292.875,360.0,27.47786665618469
3.0,292.875,360.0,26.29245572794233
3.0,292.875,360.0,27.305955574073597
3.0,306.1875,367.5,19.678910747547352
3.0,306.1875,367.5,27.77850335450457
3.0,306.1875,367.5,27.97489511842114
3.0,306.1875,375.0,19.76832113416881
3.0,306.1875,375.0,28.249988213186413
3.0,306.1875,375.0,22.708123764922444
3.0,306.1875,382.5,25.9349509040093
3.0,306.1875,382.5,17.712881238544895
3.0,359.4375,382.5,1.8795861445912712
3.0,346.125,375.0,24.62732295623888
3.0,332.8125,352.5,24.83570777229071
3.0,346.125,375.0,16.977757268859772
3.0,346.125,375.0,12.243426276213162
3.0,306.1875,367.5,25.08735076680145
3.0,306.1875,367.5,19.268475769144192
3.0,306.1875,367.5,21.09534970275517
3.0,306.1875,352.5,20.01032408268808
3.0,306.1875,352.5,25.298438414167062
3.0,306.1875,352.5,19.510477865073938
3.0,306.1875,352.5,29.055481278791863
3.0,332.8125,352.5,24.009708515558813
3.0,332.8125,352.5,25.773036745729385
3.0,332.8125,352.5,13.226027591643671
3.0,332.8125,352.5,27.038220789685735
3.0,306.1875,367.5,27.093236871003164
3.0,306.1875,367.5,20.266646050368195
3.0,306.1875,352.5,19.80107826382529
2.0,252.9375,172.5,26.151309964710137
2.0,239.625,165.0,22.511654867779107
2.0,226.3125,172.5,13.132603379662534
2.0,226.3125,172.5,20.28703542476832
2.0,226.3125,172.5,27.43186024761444
2.0,239.625,165.0,20.81240913218445
2.0,239.625,165.0,18.52337777620753
2.0,239.625,165.0,28.4353809753022
2.0,239.625,165.0,5.184047540475034
2.0,239.625,165.0,17.499380431653474
2.0,239.625,165.0,30.0826531636854
2.0,239.625,165.0,29.849935593147965
2.0,239.625,165.0,30.91799290869017
2.0,239.625,165.0,20.955907848652757
2.0,239.625,172.5,30.10230021171996
2.0,239.625,172.5,29.521136277256154
2.0,239.625,172.5,28.70726732646161
2.0,226.3125,172.5,19.59607172558144
2.0,239.625,172.5,28.53326258359014
2.0,239.625,172.5,29.702598966078888
2.0,226.3125,172.5,23.712441062403183
2.0,239.625,172.5,23.674296003206013
2.0,239.625,172.5,28.304320246177102
2.0,226.3125,172.5,28.274173542576715
2.0,239.625,172.5,11.798157550526716
2.0,226.3125,172.5,22.88655226038796
2.0,226.3125,172.5,16.416319629270127
2.0,226.3125,172.5,20.657932583384227
2.0,226.3125,172.5,30.065186693140845
2.0,213.0,172.5,27.094637020193534
2.0,213.0,172.5,30.21767541047384
2.0,213.0,172.5,20.77138767970603
2.0,213.0,172.5,28.622637131665503
2.0,213.0,180.0,23.870740827163093
2.0,213.0,180.0,28.837534205134556
2.0,213.0,180.0,21.02861268343553
2.0,213.0,180.0,28.17067748456904
2.0,213.0,180.0,22.967008536712243
2.0,213.0,172.5,15.127310498544723
2.0,213.0,172.5,27.51536064552104
3.0,252.9375,352.5,28.423048513556555
3.0,266.25,345.0,29.24408746095493
3.0,266.25,345.0,20.500119746430823
3.0,266.25,345.0,28.08898889647875
3.0,279.5625,345.0,25.714730640246707
3.0,279.5625,345.0,28.96758821213733
3.0,279.5625,345.0,15.972094652744458
3.0,292.875,337.5,27.322142098714767
3.0,292.875,337.5,24.019745846671896
3.0,279.5625,337.5,14.777053188603398
3.0,279.5625,337.5,29.58923746569689
3.0,279.5625,337.5,24.48456545089432
3.0,279.5625,337.5,18.71204104394379
3.0,279.5625,337.5,11.925088351278427
3.0,292.875,337.5,20.190257967930915
3.0,292.875,337.5,27.943956241630413
3.0,292.875,337.5,24.69489240189585
3.0,292.875,337.5,14.802032749858837
3.0,292.875,337.5,27.53342304788788
3.0,292.875,337.5,21.63406318504191
3.0,292.875,337.5,16.421911522303443
3.0,292.875,337.5,10.775098327848552
3.0,292.875,337.5,29.766892587204143
3.0,292.875,345.0,24.74384250983724
3.0,292.875,345.0,19.81838714402491
3.0,292.875,345.0,17.237739447067867
3.0,292.875,352.5,28.29706390328152
3.0,306.1875,352.5,29.316446494722864
3.0,306.1875,352.5,19.24804963562604
3.0,319.5,352.5,29.964879191849917
3.0,359.4375,427.5,20.322618782281744
0.0,386.0625,390.0,20.686562600182487
0.0,412.6875,375.0,29.77640210137725
0.0,412.6875,382.5,27.784759898514142
0.0,412.6875,382.5,21.8537561351771
0.0,412.6875,382.5,20.0802577593512
0.0,585.75,330.0,26.40334896603821
0.0,585.75,315.0,24.81998236571611
0.0,585.75,315.0,30.03031452935154
1.0,665.625,142.5,18.757145220941723
1.0,665.625,150.0,24.12960235640648
1.0,665.625,150.0,29.439083622274943
1.0,665.625,142.5,18.526977900869745
1.0,665.625,142.5,1.9635050472091835
0.0,452.625,390.0,18.58987780501101
0.0,439.3125,390.0,27.293517446022097
0.0,479.25,397.5,22.015148095465545
1.0,665.625,142.5,26.207356772867293
0.0,479.25,397.5,23.5014512242954
0.0,439.3125,405.0,22.218770692842728
0.0,492.5625,390.0,15.015856081625348
0.0,492.5625,397.5,28.547245193125743
0.0,519.1875,405.0,21.98721960987833
4.0,-1.0,-1.0,24.147940031780397
4.0,-1.0,-1.0,15.942165377525228
4.0,-1.0,-1.0,28.246944176931315
0.0,599.0625,412.5,27.114254315081777
4.0,-1.0,-1.0,15.705886097516224
4.0,-1.0,-1.0,26.6420041668784
4.0,-1.0,-1.0,21.18089312857597
1.0,639.0,450.0,26.65266983967617
1.0,639.0,450.0,17.01225734751324
1.0,639.0,442.5,28.53229207765881
1.0,625.6875,450.0,5.286566866946731
1.0,625.6875,450.0,16.925961348329118
1.0,625.6875,450.0,29.201941085141787
1.0,625.6875,450.0,7.549605267420972
1.0,625.6875,450.0,28.747208761985704
1.0,625.6875,442.5,18.942152492695108
4.0,-1.0,-1.0,29.726808178886564
4.0,-1.0,-1.0,18.217649077239145
4.0,-1.0,-1.0,24.00709743519297
0.0,545.8125,420.0,13.142273442249
0.0,519.1875,397.5,30.113322420378505
0.0,505.875,397.5,24.575376015843347
0.0,545.8125,322.5,25.275418213373182
4.0,-1.0,-1.0,31.948812480004875
4.0,-1.0,-1.0,31.461369978097157
0.0,519.1875,315.0,29.36652990351897
1.0,665.625,150.0,20.683910228275824
0.0,412.6875,427.5,30.292313358996395
0.0,399.375,420.0,29.9439145582272
0.0,399.375,420.0,23.929028246073447
0.0,399.375,420.0,25.389403083553773
3.0,372.75,397.5,29.98008620258322
3.0,359.4375,367.5,30.455521750811435
3.0,306.1875,360.0,21.011652255808595
3.0,306.1875,360.0,31.05488631063001
3.0,319.5,352.5,26.970414429476257
3.0,306.1875,352.5,23.9586893935932
3.0,292.875,360.0,20.78641695699793
3.0,306.1875,360.0,28.438465763084203
3.0,306.1875,360.0,22.64865273502889
0.0,412.6875,375.0,20.647458144423275
0.0,412.6875,375.0,9.305022440028663
0.0,412.6875,375.0,27.080642037163777
0.0,412.6875,375.0,18.112154214203667
1.0,652.3125,292.5,20.531730336198624
1.0,665.625,292.5,4.811736390105566
1.0,665.625,142.5,27.518971229865823
3.0,-1.0,-1.0,17.001499785165908
3.0,-1.0,-1.0,20.61386936649137
3.0,-1.0,-1.0,27.63501235381321
3.0,-1.0,-1.0,24.62631078335819
3.0,-1.0,-1.0,24.082773509720838
3.0,-1.0,-1.0,29.723437577509905
3.0,-1.0,-1.0,22.64425080712211
3.0,-1.0,-1.0,29.421943503300437
3.0,-1.0,-1.0,19.473609924599785
3.0,-1.0,-1.0,28.86134621471725
3.0,-1.0,-1.0,19.784826128794883
1.0,665.625,292.5,27.162190691439413
3.0,-1.0,-1.0,20.39892225237581
1.0,665.625,142.5,29.063131855567956
0.0,412.6875,375.0,18.81115311994044
0.0,625.6875,322.5,22.84280237016382
0.0,625.6875,322.5,29.95995628477753
0.0,412.6875,390.0,18.576621904120756
1.0,665.625,142.5,28.013571638481476
0.0,412.6875,390.0,19.3789572899148
0.0,412.6875,397.5,28.919054579552665
0.0,412.6875,382.5,24.4965775026282
0.0,412.6875,390.0,20.16948060379028
0.0,399.375,375.0,26.703576135329055
0.0,412.6875,390.0,21.573307410207747
0.0,412.6875,390.0,22.956072464561327
3.0,306.1875,337.5,17.686888024896476
3.0,306.1875,337.5,28.143835846233333
3.0,306.1875,337.5,24.822479464053217
3.0,306.1875,337.5,27.45538332635107
3.0,306.1875,337.5,16.69873195978899
3.0,306.1875,337.5,20.15194057674383
3.0,292.875,352.5,27.48488899373542
3.0,306.1875,345.0,13.67679580530402
3.0,306.1875,345.0,1.905066956387848
3.0,306.1875,345.0,8.058484138771103
3.0,306.1875,337.5,29.200517968782638
3.0,306.1875,337.5,12.50042171708893
3.0,306.1875,330.0,28.79635300094745
3.0,306.1875,330.0,27.71645884133246
3.0,306.1875,330.0,28.93701102479544
3.0,292.875,337.5,13.391689708239412
3.0,306.1875,345.0,27.607545778866022
3.0,292.875,337.5,28.80861585801417
3.0,306.1875,330.0,15.20634022898494
0.0,439.3125,352.5,29.67737918347131
0.0,439.3125,352.5,20.414907545764724
3.0,306.1875,345.0,27.58938602607449
3.0,306.1875,345.0,13.927161641652278
3.0,306.1875,345.0,28.845467174669547
0.0,439.3125,352.5,20.31336691204959
3.0,306.1875,345.0,30.465033847584184
3.0,306.1875,345.0,19.554229449500223
3.0,306.1875,345.0,27.65213836934092
3.0,306.1875,345.0,23.720755570636804
3.0,306.1875,345.0,17.28006591822021
3.0,306.1875,345.0,29.43825713443479
0.0,412.6875,367.5,7.529519897746693
0.0,412.6875,375.0,28.91307404905353
0.0,412.6875,367.5,19.998016554144257
3.0,306.1875,337.5,28.958388279399884
3.0,306.1875,337.5,18.18077156480277
3.0,306.1875,337.5,20.77426832227995
0.0,426.0,352.5,28.147991060942623
0.0,439.3125,352.5,27.3061333437498
0.0,439.3125,352.5,25.202973182470963
0.0,439.3125,352.5,19.129624139708195
0.0,439.3125,352.5,24.46128992750792
0.0,439.3125,352.5,14.223090330762918
0.0,439.3125,352.5,30.18158006461873
3.0,306.1875,337.5,19.373944533747206
0.0,412.6875,382.5,28.12552974625825
0.0,412.6875,382.5,26.69660747247152
3.0,306.1875,330.0,22.50380401540921
3.0,292.875,330.0,22.737421869494277
3.0,292.875,330.0,27.22919817965813
3.0,306.1875,337.5,27.636651160338943
3.0,319.5,330.0,13.519459002971873
0.0,412.6875,382.5,26.86830743212945
3.0,306.1875,337.5,24.224508065587404
0.0,452.625,352.5,19.648581038666578
0.0,426.0,397.5,19.93935907736044
1.0,678.9375,150.0,30.725475975942977
1.0,692.25,150.0,31.552726999172496
1.0,678.9375,150.0,24.107135056843653
1.0,692.25,150.0,30.32494649777315
1.0,692.25,150.0,30.417753281601275
1.0,692.25,150.0,30.370179427396348
1.0,692.25,150.0,20.57029636931648
1.0,692.25,150.0,30.516457611827363
1.0,692.25,150.0,30.68007695064772
1.0,692.25,150.0,20.834843427118106
1.0,692.25,150.0,30.69422164978631
1.0,692.25,150.0,29.712909372985457
1.0,692.25,150.0,30.13041198232822
1.0,692.25,150.0,12.454469060578257
1.0,678.9375,150.0,26.617826431857846
1.0,678.9375,150.0,18.781418758563863
1.0,692.25,150.0,23.40231885998683
1.0,692.25,150.0,15.942468356836065
1.0,692.25,150.0,27.32801667969768
1.0,692.25,150.0,29.296992980127825
1.0,692.25,150.0,18.752448953131218
1.0,692.25,150.0,29.83273823918517
1.0,692.25,150.0,17.44595432103387
1.0,692.25,150.0,20.92276994602576
1.0,692.25,150.0,15.60752560133365
1.0,692.25,150.0,29.491660807200116
1.0,692.25,150.0,21.4325338020828
1.0,692.25,150.0,29.050248993981203
1.0,692.25,150.0,16.05106578393479
1.0,692.25,150.0,24.742528816998785
1.0,692.25,150.0,29.064743016721064
3.0,-1.0,-1.0,17.208671819867725
1.0,692.25,150.0,25.921487194699893
3.0,-1.0,-1.0,16.623679694343046
1.0,665.625,157.5,25.3507322409656
1.0,692.25,150.0,16.509562965208048
1.0,692.25,150.0,28.36461510370526
1.0,692.25,150.0,28.55054864268794
1.0,692.25,150.0,25.394168361910296
3.0,-1.0,-1.0,18.34762600502183
3.0,-1.0,-1.0,29.60134939622988
1.0,692.25,157.5,27.461854752114814
1.0,692.25,157.5,18.27177402842941
1.0,678.9375,150.0,27.175917946857243
0.0,386.0625,360.0,23.87549665858351
0.0,386.0625,360.0,19.551403786003625
3.0,359.4375,330.0,16.40604562380699
1.0,692.25,157.5,17.54314992575862
1.0,692.25,150.0,29.0361714352964
1.0,678.9375,150.0,24.03846793097322
1.0,678.9375,150.0,1.885738974913936
1.0,665.625,150.0,17.73827578186124
1.0,692.25,150.0,28.209707902046635
1.0,692.25,150.0,30.370399333840197
1.0,692.25,150.0,15.00699130559233
1.0,692.25,150.0,21.59518906005437
1.0,692.25,150.0,24.958073000345127
1.0,692.25,150.0,22.645228865445045
1.0,692.25,150.0,26.54774006114272
1.0,665.625,150.0,19.43066802557213
1.0,665.625,150.0,22.172961942874664
1.0,678.9375,150.0,19.85657340339914
1.0,665.625,150.0,30.36072646200841
1.0,665.625,150.0,22.81993471164309
1.0,665.625,150.0,23.83669015685383
0.0,426.0,345.0,27.736620398230382
0.0,426.0,345.0,23.324624769912635
0.0,372.75,330.0,26.26265763340137
3.0,346.125,322.5,16.530123710771388
0.0,372.75,330.0,27.83288209375166
3.0,346.125,322.5,28.561824991487917
3.0,332.8125,315.0,25.982667087909704
3.0,332.8125,315.0,20.27722772277228
3.0,332.8125,315.0,30.273073064403206
3.0,332.8125,315.0,21.638862520120515
3.0,332.8125,315.0,22.21418130203589
3.0,332.8125,315.0,26.740008287909216
3.0,332.8125,315.0,23.30091219181583
3.0,332.8125,315.0,23.85987746673569
3.0,332.8125,315.0,20.22481965821857
3.0,332.8125,315.0,29.57963849728838
3.0,332.8125,315.0,22.67424221947119
3.0,332.8125,315.0,20.147294194502887
3.0,332.8125,322.5,19.833381407907243
3.0,332.8125,322.5,28.676648753606543
3.0,332.8125,322.5,29.87630084978168
3.0,332.8125,315.0,23.14405217794356
3.0,332.8125,322.5,29.759922802934625
3.0,332.8125,322.5,19.6550263360138
3.0,332.8125,322.5,20.25793426549784
3.0,332.8125,322.5,18.3513187140132
3.0,332.8125,322.5,26.75058197751175
3.0,332.8125,315.0,27.671111052468383
3.0,332.8125,315.0,19.27086606937744
3.0,332.8125,315.0,8.727878076593337
3.0,332.8125,322.5,12.012005407015373
3.0,332.8125,322.5,23.2903025187686
3.0,332.8125,322.5,19.072560512566334
3.0,332.8125,322.5,27.99431344150253
3.0,332.8125,322.5,29.1775639821636
3.0,332.8125,322.5,28.152714385437363
3.0,332.8125,322.5,19.23136952823744
3.0,332.8125,315.0,28.05817267168832
3.0,332.8125,315.0,28.563575568131515
3.0,332.8125,315.0,20.87331107140902
3.0,332.8125,315.0,31.397546168414596
3.0,332.8125,315.0,31.58956128789305
3.0,332.8125,315.0,31.135571705354423
3.0,332.8125,315.0,20.786004906212057
3.0,332.8125,315.0,30.508244775641725
3.0,332.8125,322.5,30.861574459005052
3.0,332.8125,322.5,25.06231663230857
3.0,332.8125,322.5,20.558398972644703
3.0,332.8125,322.5,29.11962898421933
3.0,332.8125,322.5,30.325823524308067
3.0,332.8125,322.5,12.425726559028291
3.0,332.8125,322.5,28.02836045307227
3.0,332.8125,322.5,17.455029713848152
3.0,332.8125,322.5,27.35546482657866
3.0,319.5,322.5,18.517244424038005
3.0,319.5,322.5,10.389732893729704
3.0,319.5,322.5,19.885663352629656
3.0,319.5,322.5,27.87413024263489
3.0,319.5,322.5,18.77620599505784
3.0,319.5,322.5,29.92810354915588
3.0,319.5,322.5,29.60929017683809
3.0,319.5,322.5,19.54020032611228
3.0,332.8125,322.5,29.22737725251906
3.0,332.8125,322.5,26.513840688273184
3.0,346.125,330.0,22.947908630830256
3.0,359.4375,330.0,10.533741191125577
1.0,625.6875,292.5,25.11288603623561
1.0,665.625,142.5,29.250001743435963
1.0,665.625,142.5,29.021103469271964
1.0,665.625,142.5,19.070826115226
1.0,665.625,142.5,28.584794046288472
1.0,665.625,142.5,28.300691609594814
0.0,625.6875,315.0,13.88690639764529
1.0,665.625,142.5,28.461043631675373
3.0,-1.0,-1.0,29.818104263381272
1.0,665.625,142.5,22.46018078224736
1.0,665.625,142.5,15.445390838755769
1.0,665.625,142.5,27.464731920689385
3.0,-1.0,-1.0,25.7013370589605
3.0,-1.0,-1.0,28.30050065449442
1.0,678.9375,142.5,19.09939709659205
1.0,678.9375,142.5,28.391879725713977
1.0,678.9375,142.5,23.144946170103577
1.0,678.9375,142.5,19.18378323987596
1.0,678.9375,142.5,28.488687536932765
1.0,678.9375,142.5,22.447318986786264
3.0,-1.0,-1.0,29.822980659840727
1.0,665.625,142.5,17.812250236757507
1.0,665.625,142.5,1.8769626912459056
3.0,-1.0,-1.0,26.4483021723366
1.0,625.6875,292.5,24.50788531094244
3.0,-1.0,-1.0,21.316636342383184
0.0,612.375,315.0,28.765346921700008
0.0,612.375,315.0,27.30951140743828
0.0,452.625,345.0,19.369202706134985
0.0,479.25,337.5,25.861551457304405
0.0,452.625,345.0,25.23542329745438
0.0,452.625,345.0,27.43634627209336
0.0,412.6875,360.0,20.96617362572544
0.0,386.0625,360.0,28.84784791669533
3.0,346.125,330.0,24.125161052825327
3.0,332.8125,322.5,22.06982483280452
3.0,306.1875,322.5,18.19638875150758
3.0,306.1875,322.5,28.596877343696733
3.0,306.1875,322.5,29.110736321930027
3.0,306.1875,322.5,21.699090504619907
3.0,306.1875,322.5,27.689744182208287
3.0,332.8125,322.5,27.816453891302185
3.0,332.8125,330.0,29.43061432129951
3.0,332.8125,330.0,13.292632219461488
3.0,332.8125,330.0,4.829059760176385
3.0,332.8125,330.0,28.438080128009545
3.0,332.8125,330.0,5.2556973318680935
3.0,332.8125,322.5,15.04380823942096
1.0,665.625,150.0,8.227045284699079
0.0,386.0625,360.0,27.45592249533597
1.0,665.625,150.0,5.024863725126092
0.0,399.375,420.0,27.551147224393542
0.0,399.375,420.0,27.343694586419108
0.0,399.375,420.0,27.298669009730222
0.0,399.375,420.0,20.09497709894406
0.0,399.375,420.0,28.72181439684453
1.0,665.625,150.0,27.83731549325688
0.0,399.375,420.0,26.78645830007089
0.0,399.375,420.0,20.02465422497219
3.0,346.125,330.0,23.52333094041637
3.0,346.125,330.0,26.91002412359493
3.0,332.8125,322.5,20.609311352971524
3.0,332.8125,322.5,30.23008951609416
3.0,332.8125,330.0,25.845296854299534
3.0,332.8125,322.5,19.148400763323927
3.0,332.8125,322.5,20.80497616579283
3.0,332.8125,322.5,30.04451193742255
3.0,319.5,322.5,24.20521580554129
3.0,332.8125,322.5,20.39723582533762
3.0,319.5,322.5,29.373316619162004
3.0,332.8125,322.5,29.969161295854352
3.0,332.8125,322.5,18.291695195398187
3.0,319.5,322.5,13.882677699627637
3.0,319.5,322.5,15.16757253255512
3.0,319.5,322.5,29.701336958984815
3.0,332.8125,322.5,30.720300002929715
3.0,332.8125,322.5,22.08237381475105
3.0,306.1875,315.0,27.92014644699617
3.0,306.1875,315.0,30.94833463689624
3.0,306.1875,315.0,20.92652796487552
3.0,306.1875,315.0,26.43713284421249
3.0,319.5,322.5,30.52400844188924
3.0,332.8125,322.5,29.80136704040017
3.0,319.5,322.5,20.055389794200902
3.0,319.5,322.5,30.691526415922727
3.0,319.5,322.5,30.389103028546582
3.0,319.5,322.5,31.23760156698021
3.0,319.5,322.5,18.295525031297306
3.0,306.1875,322.5,30.524452724732186
3.0,306.1875,322.5,18.27607332557724
3.0,319.5,322.5,14.756206023079088
3.0,319.5,322.5,25.443154382772217
3.0,306.1875,322.5,19.859205878732208
3.0,306.1875,330.0,20.2716415746357
3.0,306.1875,322.5,19.18588928430933
3.0,319.5,322.5,25.561464345133984
3.0,306.1875,322.5,23.22260302414555
3.0,332.8125,322.5,21.8306658547122
3.0,332.8125,330.0,19.38934911242604
3.0,332.8125,322.5,28.79635300094745
3.0,332.8125,330.0,26.32926140287002
3.0,332.8125,322.5,15.91923301729962
3.0,319.5,322.5,12.927348267232134
3.0,319.5,322.5,17.600349128019204
3.0,332.8125,315.0,21.67296552935766
3.0,332.8125,322.5,18.37495509546048
3.0,332.8125,322.5,26.259204768135632
0.0,359.4375,330.0,27.3649240244531
3.0,346.125,322.5,26.50529561942317
3.0,346.125,322.5,20.436492623126547
0.0,492.5625,315.0,27.43921809784244
0.0,492.5625,315.0,29.491038720882
0.0,505.875,307.5,16.355888316955234
0.0,532.5,300.0,17.64291873656581
0.0,532.5,300.0,29.70154728605318
0.0,505.875,307.5,26.537997709571084
0.0,519.1875,307.5,19.699059266669483
0.0,532.5,300.0,26.93750361260075
0.0,532.5,300.0,24.6231302101679
0.0,532.5,307.5,23.603552094002183
0.0,505.875,307.5,18.49609511084064
0.0,519.1875,307.5,27.901573257941127
0.0,519.1875,315.0,26.87295536234856
0.0,519.1875,315.0,17.883183606990734
0.0,532.5,307.5,1.956850697141684
0.0,532.5,315.0,27.338347824953395
0.0,532.5,315.0,28.62419982256193
0.0,519.1875,322.5,23.27892727111269
0.0,519.1875,322.5,27.02532877144827
0.0,519.1875,330.0,27.05147405013899
0.0,519.1875,322.5,21.42968670168196
0.0,545.8125,322.5,13.50474595917316
1.0,585.75,292.5,4.783278669081321
1.0,585.75,292.5,24.125438586400083
1.0,599.0625,292.5,19.51338249319593
1.0,692.25,150.0,27.926838849716024
1.0,692.25,150.0,30.241641611328618
1.0,692.25,150.0,13.898917063213286
1.0,692.25,150.0,20.065176000076544
1.0,692.25,150.0,27.975268293659
1.0,692.25,150.0,28.55540804585963
1.0,692.25,150.0,20.16802585013079
1.0,692.25,150.0,18.8501267370162
1.0,692.25,150.0,27.384577215123755
1.0,692.25,150.0,22.98714807933663
1.0,692.25,150.0,21.84135183690473
1.0,692.25,150.0,27.9967426275248
1.0,692.25,150.0,13.004343768505974
1.0,692.25,150.0,17.512532202101852
1.0,692.25,150.0,17.392564947855114
1.0,692.25,150.0,14.812906142284003
1.0,692.25,150.0,29.51677351705501
1.0,692.25,150.0,25.624554779665573
1.0,692.25,150.0,13.37077132983946
1.0,692.25,150.0,23.66427821848095
1.0,692.25,150.0,14.4619702575313
1.0,692.25,150.0,20.146810319568463
1.0,692.25,150.0,28.308714051416345
1.0,692.25,150.0,19.779134855251183
1.0,692.25,150.0,16.81205056877851
1.0,692.25,150.0,20.90535455284026
1.0,692.25,150.0,30.176802814570728
1.0,692.25,150.0,19.14595334824485
1.0,692.25,150.0,20.41918114989533
1.0,692.25,150.0,27.61736198904341
1.0,692.25,150.0,21.55734073445892
1.0,692.25,150.0,19.45238592146332
1.0,692.25,150.0,19.209526208523208
1.0,692.25,150.0,26.23243479892426
3.0,-1.0,-1.0,28.807824390779967
1.0,692.25,150.0,30.17094189241681
1.0,692.25,150.0,21.32986167615948
1.0,692.25,150.0,31.583614457831324
1.0,692.25,150.0,31.63769394974844
1.0,692.25,150.0,20.864588981469968
1.0,678.9375,150.0,30.946051233620587
1.0,678.9375,150.0,25.19267939623639
1.0,678.9375,150.0,31.31175860189768
1.0,678.9375,150.0,21.03715592649065
1.0,678.9375,150.0,30.44910996892877
0.0,599.0625,337.5,30.872932568803964
0.0,599.0625,337.5,30.910929324194857
0.0,599.0625,337.5,19.61458313847996
0.0,599.0625,337.5,23.00391597652608
0.0,612.375,330.0,27.511029194734324
0.0,612.375,330.0,4.502007187233001
0.0,612.375,330.0,28.25017848723648
1.0,678.9375,150.0,28.30221934317159
1.0,678.9375,150.0,27.473007139582105
0.0,625.6875,322.5,15.569866288522787
0.0,625.6875,330.0,27.29209666714384
0.0,625.6875,330.0,28.071129791121493
1.0,678.9375,150.0,28.438851408617825
1.0,678.9375,150.0,19.051249324351947
0.0,625.6875,330.0,26.069226992187257
0.0,599.0625,337.5,30.21158098695536
1.0,678.9375,150.0,17.182376436369594
1.0,692.25,150.0,29.20478773404263
1.0,692.25,150.0,28.720044371101267
1.0,692.25,150.0,19.28176272370786
1.0,692.25,150.0,19.77447231821675
1.0,692.25,150.0,24.051149428582896
1.0,692.25,150.0,24.59728241427641
1.0,692.25,150.0,24.61763842749651
1.0,692.25,150.0,19.331618778979195
1.0,692.25,150.0,19.487181393274295
1.0,692.25,142.5,17.92836014840905
1.0,692.25,142.5,17.062986904679573
1.0,692.25,150.0,7.860330882077346
1.0,678.9375,150.0,16.827496559720444
0.0,572.4375,337.5,23.264723827695995
0.0,452.625,345.0,21.05183274191039
0.0,572.4375,337.5,26.053519516982632
0.0,572.4375,337.5,27.29120875545752
0.0,599.0625,337.5,27.740656229951654
0.0,599.0625,337.5,20.591908172833808
1.0,678.9375,150.0,28.5223966869088
1.0,692.25,150.0,30.32560426291854
1.0,678.9375,150.0,16.246224401656267
1.0,678.9375,150.0,27.67987645929162
1.0,678.9375,150.0,29.824040957087497
1.0,678.9375,150.0,26.343813986207245
0.0,625.6875,337.5,19.526373125017457
0.0,625.6875,337.5,26.6250920447909
0.0,625.6875,337.5,19.67115809418397
0.0,625.6875,337.5,25.75815861552256
1.0,678.9375,150.0,1.9217165723899488
1.0,678.9375,150.0,23.48026938213412
1.0,692.25,142.5,30.076181734740707
1.0,692.25,150.0,29.227580920525416
1.0,692.25,150.0,16.52777876291016
1.0,692.25,150.0,22.19772217282696
1.0,692.25,150.0,28.09482152306569
1.0,692.25,150.0,20.931749675616327
1.0,692.25,142.5,28.35157733930877
1.0,692.25,142.5,18.72465502078134
1.0,585.75,277.5,29.2430679988008
1.0,599.0625,277.5,18.127967083311724
1.0,585.75,285.0,28.580508878803982
1.0,585.75,292.5,28.7076602967749
1.0,559.125,292.5,20.126605117180752
1.0,572.4375,292.5,26.81625737649368
0.0,572.4375,307.5,22.67264884266517
1.0,585.75,292.5,27.02445813252236
1.0,585.75,292.5,18.953108690052822
0.0,572.4375,307.5,22.83558914163137
0.0,572.4375,307.5,27.18789662347428
0.0,572.4375,307.5,27.770226965756507
0.0,559.125,330.0,13.479226655697245
0.0,545.8125,330.0,25.6295653555432
0.0,519.1875,337.5,24.418993502713025
0.0,519.1875,337.5,21.25129327597825
0.0,492.5625,337.5,21.72179064901705
0.0,465.9375,337.5,28.846062323335836
0.0,492.5625,337.5,27.551328200951158
0.0,492.5625,337.5,17.48814403115449
0.0,479.25,337.5,27.33389378743149
0.0,479.25,337.5,26.805974346356148
0.0,492.5625,337.5,28.656272631622095
0.0,519.1875,337.5,15.806983361284365
0.0,532.5,330.0,29.849298300549403
1.0,599.0625,232.5,12.191503771418606
1.0,639.0,202.5,23.136902726139382
1.0,639.0,195.0,18.663996760513868
1.0,652.3125,150.0,20.209909558295628
1.0,639.0,202.5,28.82722786567513
0.0,426.0,345.0,19.659817009149545
1.0,612.375,232.5,27.769675381855016
0.0,386.0625,345.0,27.445681904437844
0.0,359.4375,337.5,20.284975020433432
3.0,332.8125,330.0,27.125126109113484
3.0,332.8125,330.0,29.671710633360924
3.0,332.8125,330.0,17.05639507458074
3.0,332.8125,330.0,16.163706361348652
3.0,332.8125,330.0,20.00851039470295
3.0,332.8125,330.0,30.528674056875005
3.0,332.8125,330.0,30.88157032521223
3.0,332.8125,330.0,21.15706748181552
3.0,346.125,330.0,30.03827202933425
3.0,332.8125,330.0,30.359847415546533
3.0,332.8125,330.0,20.899417011310977
3.0,332.8125,330.0,29.473838067263504
3.0,332.8125,330.0,24.978287021045983
3.0,332.8125,330.0,31.08457593454481
3.0,332.8125,330.0,20.073530608240368
3.0,332.8125,330.0,29.880344803020588
3.0,332.8125,330.0,29.71080462701263
3.0,332.8125,330.0,28.09425696946964
1.0,665.625,150.0,19.163711294987365
1.0,665.625,142.5,8.247979941989087
0.0,519.1875,337.5,26.287182636925987
0.0,479.25,345.0,19.29586691693349
1.0,572.4375,232.5,21.64545112064116
1.0,572.4375,232.5,18.323899728263243
0.0,439.3125,337.5,28.705892015084217
1.0,572.4375,217.5,17.574832183830985
1.0,572.4375,217.5,19.04294567660212
1.0,572.4375,217.5,17.680401637236596
0.0,439.3125,337.5,28.241048223111004
1.0,585.75,217.5,19.185713762945078
1.0,572.4375,217.5,27.799860811930404
1.0,585.75,225.0,26.35556700577468
1.0,665.625,150.0,19.079414467279857
1.0,639.0,202.5,30.026659794109644
0.0,386.0625,360.0,25.375271490885773
0.0,386.0625,345.0,27.233618159623926
0.0,386.0625,345.0,19.931210469542243
0.0,359.4375,337.5,29.675909351408336
0.0,386.0625,345.0,21.18902534516815
0.0,359.4375,337.5,28.1880951900912
0.0,359.4375,337.5,15.018544445439083
1.0,639.0,210.0,29.679059169839093
1.0,665.625,150.0,14.189840485816262
1.0,665.625,150.0,18.37141380428022
0.0,452.625,345.0,30.40937300620614
0.0,452.625,345.0,22.144748790944224
1.0,665.625,142.5,26.959319702530543
1.0,692.25,150.0,18.73711860620952
1.0,692.25,150.0,29.67318004952246
1.0,678.9375,150.0,19.243016080563397
1.0,692.25,150.0,28.47456890699253
1.0,665.625,150.0,16.543489579224712
1.0,665.625,150.0,22.28677396557862
1.0,665.625,150.0,20.987575495253868
1.0,572.4375,262.5,19.863344036219324
1.0,572.4375,262.5,27.56074225937024
1.0,572.4375,262.5,15.783012477986665
1.0,572.4375,277.5,28.26578968649756
1.0,599.0625,277.5,20.07881584742355
1.0,585.75,277.5,1.7652029394348645
1.0,585.75,277.5,27.63719747237469
1.0,585.75,285.0,29.961668416804176
1.0,599.0625,277.5,13.1059713151892
1.0,692.25,150.0,9.58855857421107
1.0,692.25,150.0,28.575251565257084
1.0,678.9375,142.5,20.728888361726
0.0,585.75,315.0,27.390836424429235
0.0,572.4375,307.5,28.311771416228478
1.0,692.25,150.0,23.20461624426704
1.0,612.375,292.5,17.44297964717331
1.0,599.0625,292.5,28.223754954275982
1.0,692.25,150.0,26.45080406129785
1.0,692.25,150.0,28.76731984005597
1.0,692.25,150.0,14.462169719914902
1.0,692.25,150.0,9.171084969606856
1.0,599.0625,240.0,28.75114989409321
1.0,585.75,232.5,21.233756897686423
1.0,585.75,232.5,19.99277376055217
1.0,585.75,225.0,26.55496745764429
1.0,585.75,217.5,27.84859007642204
1.0,572.4375,217.5,18.86606693055056
1.0,639.0,135.0,19.310791896869244
1.0,639.0,135.0,23.845092041978877
1.0,572.4375,240.0,21.019865691089507
1.0,572.4375,240.0,15.42216306450071
1.0,545.8125,225.0,28.327450781751256
1.0,639.0,135.0,28.30699457387361
1.0,639.0,142.5,4.353245340631808
1.0,625.6875,262.5,27.93260432344597
1.0,572.4375,247.5,16.690292954294037
1.0,639.0,135.0,29.75021279010384
1.0,639.0,135.0,14.029743308424594
1.0,639.0,135.0,19.018423045357057
1.0,652.3125,135.0,10.090733028756745
1.0,665.625,135.0,22.5829245836676
1.0,665.625,135.0,20.37246759050131
1.0,665.625,135.0,29.206821394500267
1.0,665.625,135.0,5.298266756101597
1.0,665.625,135.0,17.557469965255976
1.0,665.625,135.0,26.85798445244163
1.0,665.625,135.0,29.24184473803465
1.0,665.625,135.0,22.41624712735824
1.0,665.625,135.0,18.611490009362758
1.0,665.625,135.0,29.22839562093644
1.0,665.625,135.0,26.49106607128195
1.0,665.625,135.0,20.46181615946766
1.0,665.625,135.0,30.51912218406193
1.0,678.9375,142.5,30.534897095973385
1.0,678.9375,142.5,29.61493489987856
1.0,678.9375,142.5,20.27075983258745
1.0,665.625,142.5,30.601508806233674
1.0,665.625,135.0,30.409593480609303
1.0,665.625,142.5,30.07165339088165
1.0,665.625,150.0,20.320748043894284
1.0,665.625,150.0,30.03440028643036
1.0,665.625,150.0,30.24687565353468
1.0,665.625,150.0,20.121391220916287
1.0,665.625,150.0,29.700705995652143
1.0,665.625,150.0,28.06680942184154
1.0,678.9375,142.5,24.319740237149567
1.0,665.625,150.0,18.461251347961003
1.0,678.9375,142.5,28.703927513122505
1.0,678.9375,142.5,25.112585319123458
1.0,678.9375,142.5,24.85454567002856
1.0,665.625,150.0,16.22360181177499
1.0,665.625,150.0,18.086146601870578
1.0,678.9375,150.0,25.194495335692014
1.0,665.625,150.0,16.33544035114367
1.0,665.625,150.0,26.52272669786265
1.0,678.9375,150.0,27.86079909661563
1.0,678.9375,150.0,22.92132227972479
1.0,665.625,150.0,10.978675063671176
1.0,665.625,150.0,28.653727652190547
1.0,692.25,150.0,24.356883195317128
1.0,665.625,150.0,25.942008906481934
1.0,678.9375,150.0,19.30430380212912
1.0,678.9375,150.0,26.08316905568857
1.0,678.9375,150.0,25.72182701270667
1.0,692.25,150.0,7.491567685355529
1.0,692.25,157.5,16.652654146980584
1.0,665.625,157.5,28.304893273857324
1.0,692.25,157.5,20.36396121708817
1.0,692.25,157.5,16.80127542641062
1.0,692.25,150.0,22.88767625616624
1.0,692.25,150.0,27.78402368823736
1.0,692.25,150.0,28.13666154599548
1.0,692.25,150.0,18.46271409517689
1.0,692.25,157.5,26.289654134961328
1.0,692.25,157.5,29.40523563145866
1.0,692.25,150.0,13.893162237451849
1.0,692.25,150.0,29.985658828828186
1.0,665.625,150.0,24.74734637283536
1.0,665.625,150.0,21.825099647202077
1.0,692.25,150.0,16.695076224973132
1.0,692.25,150.0,29.291468797139505
1.0,678.9375,150.0,28.17067748456904
1.0,665.625,150.0,26.570780594726774
1.0,665.625,150.0,17.473572824189603
1.0,665.625,150.0,22.8957972826176
1.0,652.3125,150.0,20.33828742114272
1.0,665.625,150.0,14.426454149282684
1.0,665.625,150.0,1.8719674228081404
0.0,572.4375,322.5,19.808278825946303
1.0,665.625,150.0,27.90268695241453
0.0,625.6875,315.0,19.283890337144776
1.0,665.625,150.0,27.450352103458204
1.0,665.625,150.0,19.482836465658995
1.0,692.25,150.0,18.14883213763381
1.0,665.625,150.0,19.666546319002585
1.0,665.625,157.5,27.06736018792189
1.0,665.625,157.5,28.98019760934153
1.0,665.625,157.5,13.93799139987904
1.0,665.625,157.5,10.017109530610393
1.0,692.25,150.0,27.153222673951888
1.0,665.625,157.5,27.801887792979105
1.0,678.9375,180.0,14.703854837126473
1.0,665.625,180.0,27.86709277062806
1.0,665.625,180.0,26.85712456217864
1.0,639.0,195.0,27.47732662500164
1.0,639.0,195.0,19.51846767400844
1.0,665.625,187.5,28.338360088643856
1.0,639.0,195.0,19.81295732067361
1.0,639.0,195.0,21.442833479887938
1.0,639.0,210.0,27.62354614786812
1.0,665.625,180.0,28.448881864982734
1.0,665.625,180.0,22.39087773993445
1.0,639.0,210.0,20.01825089249919
1.0,665.625,180.0,29.44404352404353
1.0,665.625,180.0,18.929414738058277
1.0,665.625,157.5,28.828416682704205
1.0,665.625,180.0,19.761708222611716
1.0,665.625,180.0,28.81435529633217
1.0,639.0,210.0,28.13005687305505
1.0,639.0,210.0,6.610251924698392
0.0,612.375,322.5,26.47467918978457
1.0,665.625,180.0,29.97194531981335
1.0,665.625,180.0,20.82780812394478
1.0,665.625,157.5,17.28711679704566
1.0,652.3125,150.0,27.55476720734215
1.0,652.3125,150.0,27.305244518514662
1.0,652.3125,157.5,19.89066145645617
1.0,652.3125,150.0,8.08228923788419
1.0,625.6875,225.0,29.70386108042265
1.0,639.0,157.5,15.560912811038024
1.0,639.0,157.5,17.188009425263804
1.0,639.0,195.0,29.488965289349167
1.0,639.0,210.0,30.618039536309748
1.0,639.0,195.0,30.474330470668583
1.0,665.625,157.5,21.34418954953488
1.0,692.25,150.0,31.03925878234872
1.0,692.25,150.0,30.99980044493389
1.0,692.25,150.0,16.081282421909446
1.0,692.25,150.0,29.797767815912305
1.0,692.25,150.0,29.494564223731768
1.0,692.25,150.0,29.619535895371666
3.0,-1.0,-1.0,20.129792717517027
1.0,692.25,150.0,29.33489998601203
3.0,-1.0,-1.0,29.494564223731768
1.0,665.625,142.5,29.27654346839773
1.0,678.9375,150.0,20.878298397654472
1.0,692.25,150.0,30.958157111962382
1.0,692.25,150.0,25.3499661541437
3.0,-1.0,-1.0,20.676364891178427
3.0,-1.0,-1.0,29.55837602801993
3.0,-1.0,-1.0,29.65954106707209
3.0,-1.0,-1.0,29.65513730591929
1.0,665.625,150.0,20.708624018090344
1.0,665.625,150.0,30.142104620160836
1.0,665.625,150.0,30.84432612900142
1.0,652.3125,150.0,30.188966063267
0.0,612.375,322.5,19.649961817934795
0.0,585.75,322.5,28.52045721901498
1.0,572.4375,292.5,29.429581813078865
1.0,599.0625,262.5,18.515773023847157
1.0,599.0625,232.5,19.56581408692488
1.0,585.75,232.5,27.432219075586836
1.0,585.75,232.5,27.911413969335605
1.0,585.75,232.5,18.187314898728197
1.0,585.75,232.5,27.1674687635617
1.0,572.4375,232.5,28.543359760454592
1.0,585.75,232.5,15.866900201631973
1.0,585.75,247.5,20.933943571289536
1.0,585.75,232.5,27.153046889667184
1.0,572.4375,232.5,28.366149746725007
1.0,572.4375,232.5,16.985457711543525
1.0,585.75,232.5,27.426120276464548
1.0,599.0625,202.5,27.08326499512485
1.0,585.75,217.5,20.82098428362936
1.0,585.75,232.5,19.885946197100296
1.0,585.75,225.0,17.70353580759669
1.0,585.75,217.5,28.813761455284887
1.0,585.75,225.0,23.401143749825646
1.0,572.4375,232.5,16.354740347347324
1.0,585.75,217.5,13.800003290177177
1.0,572.4375,232.5,29.250613702298597
1.0,572.4375,232.5,14.797698302656972
1.0,572.4375,232.5,20.741701942477352
1.0,572.4375,232.5,23.99487414187643
1.0,572.4375,232.5,17.459025878611538
1.0,572.4375,232.5,14.965493372344032
1.0,572.4375,232.5,28.209897633876327
1.0,572.4375,232.5,26.09485295490036
1.0,652.3125,150.0,20.16783189883156
1.0,652.3125,150.0,1.8415867232713763
1.0,585.75,232.5,30.701186528762893
1.0,585.75,232.5,24.661061395359777
1.0,585.75,232.5,23.079865734881416
1.0,585.75,232.5,18.528123688569853
1.0,612.375,217.5,29.077840326114085
1.0,639.0,195.0,22.47402065059557
1.0,665.625,150.0,23.102239554072067
1.0,665.625,150.0,16.7973728474169
1.0,652.3125,150.0,29.203771010012392
1.0,665.625,157.5,28.248275862068965
1.0,665.625,150.0,18.03784490469965
1.0,678.9375,150.0,28.81871087872146
1.0,692.25,150.0,17.344233687718905
1.0,572.4375,292.5,22.666767544665536
1.0,692.25,150.0,29.573173139295484
1.0,692.25,150.0,27.36403136784144
1.0,692.25,150.0,26.12980475709889
1.0,692.25,150.0,18.328303684185222
0.0,545.8125,330.0,28.884401900695543
0.0,505.875,337.5,25.91219897940272
0.0,519.1875,330.0,22.624707367330867
1.0,692.25,150.0,20.445159371968668
1.0,678.9375,150.0,29.17309926064004
1.0,678.9375,150.0,27.35653535090008
1.0,678.9375,150.0,16.977344942178398
3.0,-1.0,-1.0,28.56785565900871
1.0,625.6875,292.5,27.80465233445366
0.0,625.6875,322.5,22.376901285218125
1.0,678.9375,150.0,11.917329166074726
1.0,692.25,150.0,23.350725412254626
1.0,692.25,150.0,25.86474103217133
1.0,692.25,150.0,24.88270854220677
3.0,-1.0,-1.0,15.043970115099192
3.0,-1.0,-1.0,12.572476844219295
3.0,-1.0,-1.0,28.012636162667217
3.0,-1.0,-1.0,22.70664854886123
3.0,-1.0,-1.0,16.244840100235095
1.0,692.25,150.0,29.679269181508765
3.0,-1.0,-1.0,24.813815217327
3.0,-1.0,-1.0,20.990096235168124
3.0,-1.0,-1.0,30.724125553968427
3.0,-1.0,-1.0,28.597657262078464
1.0,692.25,150.0,30.414224181688976
1.0,692.25,150.0,20.47750030513853
1.0,692.25,150.0,29.8711942626395
1.0,692.25,150.0,28.787656659665885
1.0,678.9375,150.0,23.806654482296715
1.0,678.9375,150.0,30.083516231297786
1.0,678.9375,150.0,30.68725993020142
1.0,678.9375,150.0,24.66164140315392
1.0,678.9375,150.0,20.570094603806712
1.0,678.9375,150.0,25.007327557937792
1.0,692.25,150.0,12.686599578353889
1.0,692.25,150.0,22.573444488097863
0.0,399.375,367.5,24.76853667178457
1.0,678.9375,150.0,28.292292022205885
1.0,665.625,142.5,19.924109560409285
1.0,665.625,142.5,19.891793451455023
1.0,665.625,142.5,29.847174188406417
1.0,665.625,142.5,16.477911220589217
1.0,665.625,142.5,27.482907971038237
1.0,678.9375,150.0,14.92305612284834
0.0,559.125,330.0,28.030420893647165
1.0,665.625,150.0,25.354869910049327
1.0,572.4375,232.5,22.161012337199164
1.0,678.9375,150.0,20.18539961210651
1.0,678.9375,150.0,21.994598761385863
1.0,652.3125,150.0,21.848747200083345
1.0,639.0,150.0,20.233014954172692
1.0,625.6875,157.5,29.665414783537383
1.0,639.0,157.5,26.636420791922014
1.0,639.0,157.5,20.43609432859092
1.0,639.0,157.5,16.270235462973737
1.0,639.0,157.5,28.85519101247274
1.0,665.625,150.0,23.256596931505022
1.0,652.3125,150.0,23.24744485090345
1.0,652.3125,150.0,21.698192465675472
1.0,652.3125,150.0,28.55074298705984
1.0,652.3125,150.0,20.439978362678545
1.0,652.3125,150.0,19.76692367146116
1.0,559.125,240.0,30.058076537193635
1.0,519.1875,247.5,27.596102349512137
1.0,652.3125,150.0,5.916745546187192
1.0,652.3125,150.0,24.039707922097275
1.0,665.625,135.0,29.81386521470256
1.0,572.4375,262.5,28.944799078029355
1.0,652.3125,150.0,14.50764069039466
1.0,652.3125,150.0,19.813144506431485
1.0,639.0,217.5,21.57719177307008
1.0,652.3125,150.0,30.418856293287885
1.0,625.6875,285.0,19.375018477457505
1.0,625.6875,292.5,29.07965473012792
1.0,625.6875,277.5,24.498151382228738
1.0,639.0,150.0,19.83741498529092
1.0,639.0,150.0,1.853325691975204
1.0,639.0,150.0,28.821681349037284
1.0,639.0,135.0,25.16713269089993
1.0,625.6875,142.5,16.865049176109178
1.0,625.6875,142.5,25.66453728859192
1.0,639.0,150.0,27.92479360852197
1.0,625.6875,142.5,27.712979358828655
1.0,625.6875,142.5,19.675495135429276
1.0,639.0,150.0,22.433511975439384
1.0,639.0,150.0,29.58047294295205
1.0,625.6875,277.5,17.016122357904987
1.0,625.6875,277.5,26.723652604953138
1.0,639.0,157.5,27.613180157345536
1.0,639.0,150.0,26.58610700861419
1.0,652.3125,150.0,17.8891329474838
1.0,652.3125,150.0,25.43790786249727
1.0,652.3125,150.0,21.530561016801244
1.0,665.625,142.5,23.532437512273123
1.0,665.625,142.5,15.976657639023797
1.0,665.625,150.0,28.091434541789177
1.0,678.9375,142.5,29.301700409383688
1.0,678.9375,142.5,21.771288274773816
1.0,678.9375,142.5,20.03441045114757
1.0,665.625,135.0,27.219832565383868
1.0,665.625,135.0,29.5975894602395
1.0,665.625,142.5,14.46795652338886
1.0,665.625,142.5,27.4708479061055
1.0,665.625,142.5,29.451072913155823
1.0,665.625,142.5,27.98030713399421
1.0,665.625,142.5,17.542416194399717
1.0,665.625,142.5,29.43743069299982
1.0,665.625,142.5,17.252132709219392
1.0,665.625,150.0,23.586562145018164
1.0,665.625,150.0,27.39137306122449
1.0,665.625,150.0,25.49341437471509
1.0,665.625,150.0,28.044852464277835
1.0,665.625,150.0,16.438065825880436
1.0,665.625,150.0,28.278748651564182
1.0,665.625,150.0,28.458340118330348
1.0,665.625,150.0,14.838322124620136
1.0,665.625,150.0,28.566493672782748
1.0,665.625,150.0,30.059369042670603
1.0,665.625,150.0,30.4027602603691
1.0,665.625,150.0,21.0039711354042
1.0,665.625,150.0,30.468353418905863
1.0,665.625,150.0,31.05764574339684
1.0,665.625,150.0,30.859757936945886
1.0,665.625,150.0,20.304123461810292
1.0,665.625,150.0,30.17875696133312
1.0,665.625,150.0,30.815546249357137
1.0,678.9375,150.0,20.020257466480192
1.0,678.9375,150.0,30.5140154959805
1.0,692.25,150.0,30.394167989159182
1.0,678.9375,150.0,23.60674043472877
1.0,665.625,150.0,11.58945253891193
1.0,692.25,150.0,27.246355723008964
1.0,692.25,150.0,13.127670961906222
1.0,665.625,150.0,29.380106472401238
1.0,665.625,150.0,20.23379580495147
1.0,665.625,150.0,28.03191958616818
1.0,692.25,150.0,20.739650705116794
1.0,692.25,150.0,18.41521230401777
1.0,692.25,150.0,8.81013785585105
1.0,585.75,277.5,30.00668197654869
1.0,585.75,285.0,17.465278095864686
1.0,665.625,150.0,20.046092155635105
1.0,572.4375,292.5,27.516804765559908
1.0,665.625,150.0,26.38192522517989
1.0,678.9375,150.0,27.876538614914264
1.0,665.625,150.0,17.441238845318985
1.0,665.625,150.0,29.360979468404583
1.0,692.25,150.0,22.54614259912273
0.0,545.8125,307.5,17.53794176186255
1.0,692.25,150.0,29.839317601360243
0.0,545.8125,307.5,27.48813128334185
0.0,545.8125,322.5,27.56853182245417
0.0,545.8125,322.5,20.355659521186503
1.0,692.25,150.0,28.87525472269648
1.0,692.25,150.0,24.51074970342623
1.0,665.625,150.0,29.42916883007536
0.0,545.8125,322.5,19.782586548438825
0.0,545.8125,322.5,29.60782708136268
0.0,559.125,315.0,22.433871942576875
0.0,559.125,315.0,16.369995980001484
0.0,559.125,315.0,27.36385284350759
0.0,545.8125,322.5,26.43779940497201
0.0,545.8125,322.5,29.629998021984232
0.0,545.8125,322.5,17.917943985919585
0.0,559.125,315.0,28.09218713371957
0.0,559.125,315.0,22.336265843007777
0.0,545.8125,307.5,18.17423293743473
1.0,559.125,292.5,19.980107086374115
1.0,665.625,157.5,29.04039327009624
1.0,665.625,150.0,15.56027779426604
1.0,652.3125,157.5,15.461161899144797
1.0,639.0,157.5,28.760810236296063
1.0,639.0,157.5,27.15146493351804
1.0,625.6875,202.5,30.310482880226623
0.0,585.75,315.0,19.627800759972292
1.0,599.0625,142.5,29.444663629279663
1.0,599.0625,142.5,23.87060497410506
1.0,599.0625,142.5,15.20567869546618
1.0,612.375,142.5,1.8278327283851783
1.0,612.375,142.5,23.093717136234247
1.0,665.625,262.5,23.13537127538694
1.0,652.3125,217.5,20.661290719841578
1.0,665.625,262.5,18.542539975861963
1.0,652.3125,277.5,28.09933876878345
1.0,665.625,292.5,12.534865859161831
1.0,665.625,292.5,20.42624148359542
1.0,665.625,292.5,19.99553779998284
1.0,652.3125,292.5,21.50208392074437
1.0,652.3125,292.5,7.121313323565016
1.0,652.3125,150.0,19.317818175118944
1.0,652.3125,150.0,29.861198917841374
1.0,639.0,195.0,23.41107061325415
0.0,599.0625,337.5,16.27983449646403
0.0,572.4375,330.0,29.05065141052369
0.0,572.4375,322.5,25.86601708242114
0.0,559.125,330.0,26.50094142920326
0.0,572.4375,322.5,17.477941636073457
0.0,585.75,315.0,27.627003207767142
1.0,665.625,157.5,13.654755703719138
0.0,585.75,322.5,14.763893386649396
0.0,585.75,315.0,14.389877725781885
0.0,612.375,322.5,21.434505314799672
0.0,599.0625,307.5,25.6228328466529
1.0,692.25,180.0,21.76981927273105
1.0,705.5625,157.5,27.81995940729342
1.0,705.5625,157.5,26.451971771472536
1.0,705.5625,157.5,27.70455896534869
1.0,692.25,180.0,15.667341526278436
1.0,692.25,180.0,27.60554703594253
1.0,692.25,150.0,26.8157430376186
1.0,692.25,150.0,19.765246976994053
1.0,692.25,150.0,15.700007112029436
1.0,692.25,150.0,15.93568437929803
1.0,665.625,150.0,28.51405884592375
1.0,665.625,142.5,21.652267283389776
0.0,625.6875,322.5,28.106494046063432
0.0,625.6875,322.5,28.974792238026485
1.0,625.6875,292.5,29.681159420289852
1.0,665.625,142.5,20.310612663916167
1.0,692.25,150.0,30.50291989382204
1.0,692.25,150.0,30.05183099398864
1.0,692.25,150.0,19.39786796161406
1.0,692.25,150.0,29.542553266420143
1.0,692.25,150.0,30.01956784689269
1.0,692.25,150.0,30.579867161469537
1.0,692.25,150.0,20.023411467035853
1.0,665.625,142.5,28.59999727249172
1.0,652.3125,292.5,28.44483025214643
0.0,625.6875,322.5,27.924049958722804
1.0,665.625,142.5,14.243424694284366
1.0,665.625,142.5,4.37344922724647
0.0,625.6875,397.5,27.670563398865287
0.0,412.6875,337.5,10.961058917301486
0.0,359.4375,330.0,22.69448532594581
3.0,346.125,322.5,23.16578296217745
3.0,332.8125,322.5,29.53173692326107
3.0,332.8125,322.5,17.343875086837144
3.0,332.8125,322.5,26.72688807891316
3.0,332.8125,322.5,22.910554806006346
3.0,332.8125,322.5,27.42970747689833
3.0,319.5,322.5,17.688156035846074
3.0,319.5,322.5,29.45831255574831
3.0,332.8125,322.5,23.27621436538899
3.0,332.8125,322.5,18.04133635577655
3.0,332.8125,322.5,30.36622165590339
3.0,332.8125,322.5,27.37742733497386
3.0,332.8125,322.5,18.03598334996044
3.0,332.8125,322.5,17.08495012159008
3.0,332.8125,322.5,26.356229459780444
3.0,332.8125,322.5,20.890048809642398
3.0,332.8125,322.5,15.344135153229022
3.0,332.8125,330.0,20.594739245503515
3.0,332.8125,330.0,29.615562224183584
3.0,332.8125,330.0,23.225432053646085
3.0,332.8125,330.0,12.820266412358404
3.0,306.1875,322.5,27.154804834940016
3.0,306.1875,322.5,8.371028839437182
3.0,306.1875,322.5,28.20477577012824
3.0,306.1875,330.0,18.98149958365012
3.0,306.1875,330.0,17.184840414635147
3.0,306.1875,322.5,25.4644713196367
3.0,306.1875,322.5,28.05573281426632
3.0,306.1875,322.5,16.32418715799142
3.0,306.1875,322.5,29.628323585092254
3.0,306.1875,322.5,20.544905046705168
3.0,306.1875,322.5,13.614157177912515
3.0,306.1875,322.5,27.05985122676628
3.0,306.1875,322.5,27.283930058284763
3.0,306.1875,322.5,28.41938937297576
3.0,306.1875,322.5,20.10509109908493
3.0,306.1875,322.5,21.59663458815412
3.0,306.1875,322.5,29.09579272311054
3.0,306.1875,322.5,28.642378633815223
3.0,319.5,322.5,20.332569018590785
3.0,332.8125,330.0,28.49255809845999
3.0,332.8125,322.5,29.148365127349805
3.0,332.8125,330.0,18.047313752656983
3.0,332.8125,330.0,27.45843889729036
3.0,332.8125,330.0,28.94539833268923
3.0,332.8125,330.0,28.63572993971503
3.0,346.125,330.0,17.942241633763533
0.0,386.0625,360.0,1.902883744226319
1.0,585.75,232.5,26.36401578960601
1.0,572.4375,232.5,26.431635000157545
1.0,572.4375,232.5,23.41512214729132
1.0,572.4375,232.5,25.114991257694427
1.0,572.4375,240.0,27.367959492613664
1.0,572.4375,232.5,17.603156083434758
1.0,599.0625,262.5,25.422027190021037
1.0,572.4375,232.5,7.16228206485545
1.0,559.125,232.5,15.828995833584928
0.0,452.625,345.0,15.762016069026163
1.0,572.4375,232.5,25.55305499540029
0.0,452.625,345.0,16.74179037157375
1.0,585.75,232.5,23.189990434960496
0.0,452.625,345.0,19.33250981765888
1.0,572.4375,262.5,28.07714295277304
1.0,532.5,292.5,13.293727615606478
0.0,479.25,330.0,17.435438681088453
0.0,479.25,315.0,17.314234290762283
0.0,479.25,330.0,27.47732662500164
0.0,492.5625,322.5,21.71987841063855
0.0,492.5625,322.5,19.999256161699
0.0,492.5625,322.5,30.39372749077892
0.0,505.875,322.5,30.7766542903685
0.0,505.875,322.5,29.87991907217964
0.0,519.1875,315.0,19.523464628503863
0.0,519.1875,315.0,29.986301957476016
1.0,585.75,232.5,24.70536539968075
0.0,492.5625,322.5,24.09591708939661
0.0,492.5625,307.5,24.36508969235059
1.0,652.3125,150.0,29.70912104491461
1.0,559.125,292.5,30.113754828333885
1.0,572.4375,277.5,20.128923271840748
1.0,572.4375,277.5,4.986410223183344
1.0,665.625,142.5,22.432552119546035
1.0,665.625,142.5,28.77857064441761
1.0,572.4375,262.5,19.665532018641983
0.0,346.125,172.5,23.876855815648057
0.0,346.125,172.5,22.928840466415565
0.0,346.125,172.5,22.378333964690253
1.0,572.4375,232.5,29.145326940448893
1.0,572.4375,232.5,27.700716573655185
1.0,572.4375,232.5,27.30026816631519
1.0,559.125,232.5,19.377703857703857
1.0,572.4375,232.5,28.854793992804023
0.0,386.0625,360.0,27.096562461641827
1.0,572.4375,232.5,17.10027438365603
0.0,386.0625,360.0,15.295899872725748
0.0,386.0625,360.0,29.393489610708155
0.0,386.0625,360.0,23.418259782026084
0.0,386.0625,360.0,15.885469295621018
3.0,359.4375,360.0,29.631044641154077
3.0,359.4375,360.0,28.595902505539456
0.0,359.4375,337.5,21.486222459005475
0.0,386.0625,360.0,19.607797671918096
3.0,359.4375,360.0,26.220299567402662
0.0,386.0625,360.0,27.220185867815797
0.0,386.0625,360.0,19.747937775434103
0.0,386.0625,360.0,28.5158035720356
0.0,386.0625,360.0,22.308585044651167
3.0,359.4375,360.0,23.58669478419795
3.0,359.4375,360.0,13.192414754051956
3.0,346.125,345.0,18.071185140823527
3.0,346.125,345.0,28.185822094093773
3.0,346.125,345.0,29.444456924632146
0.0,386.0625,360.0,20.199495290015605
0.0,386.0625,360.0,22.400205080002564
0.0,386.0625,360.0,23.035753907665946
0.0,386.0625,360.0,20.477600281217043
0.0,386.0625,360.0,29.49871295345533
0.0,386.0625,360.0,27.51066830205757
0.0,386.0625,360.0,29.2818575946495
0.0,386.0625,360.0,20.392673949931204
0.0,386.0625,360.0,27.467789572950707
0.0,412.6875,360.0,29.046828903447416
0.0,412.6875,367.5,24.533401964167684
0.0,452.625,345.0,18.223902256749827
0.0,452.625,345.0,27.89786158502112
0.0,386.0625,360.0,18.521414661503066
3.0,359.4375,360.0,17.35959571711787
3.0,359.4375,360.0,27.71041608858234
3.0,359.4375,360.0,16.53722775087924
0.0,386.0625,360.0,23.806519357713288
0.0,452.625,345.0,20.575240861016816
0.0,386.0625,360.0,29.0520599562242
0.0,386.0625,367.5,28.49371947201445
3.0,359.4375,360.0,27.47480676012053
3.0,359.4375,360.0,16.275791417994427
3.0,359.4375,360.0,28.211036078452477
3.0,359.4375,360.0,26.851622568068475
0.0,386.0625,367.5,17.185192469219267
3.0,346.125,330.0,28.541029008485477
0.0,359.4375,337.5,14.809924825835337
3.0,346.125,330.0,28.74011744633032
3.0,346.125,330.0,20.46001951219512
0.0,359.4375,330.0,28.561241513622463
3.0,346.125,330.0,29.97215949692725
0.0,359.4375,337.5,26.972842618375445
0.0,359.4375,337.5,9.72982553000972
0.0,399.375,360.0,12.275676371767403
0.0,359.4375,337.5,28.10122138325171
0.0,359.4375,337.5,21.058597299834812
0.0,359.4375,337.5,1.909764911956384
0.0,359.4375,330.0,30.15705842596454
0.0,359.4375,330.0,28.59492773384238
0.0,372.75,337.5,16.50761365380604
0.0,372.75,337.5,25.87670894822565
0.0,372.75,337.5,25.322417831872297
0.0,372.75,337.5,27.37653386246149
0.0,372.75,337.5,13.41305967643419
0.0,372.75,337.5,29.983729608395407
0.0,372.75,337.5,30.490502395300997
0.0,399.375,360.0,24.577248063378217
0.0,399.375,360.0,30.994760683697525
0.0,386.0625,360.0,31.386268567366333
0.0,399.375,360.0,30.250147850043994
0.0,412.6875,360.0,20.456227626098578
0.0,412.6875,360.0,30.25844058405956
0.0,412.6875,360.0,29.78126486647685
0.0,412.6875,360.0,30.26935900581672
0.0,412.6875,360.0,20.40289141622968
0.0,386.0625,360.0,29.892483233912756
0.0,399.375,360.0,29.80941551057539
0.0,412.6875,367.5,24.43222209924798
0.0,412.6875,367.5,29.836345917184172
0.0,412.6875,382.5,30.417312099324107
0.0,412.6875,367.5,13.722526672577548
0.0,359.4375,337.5,19.573757945137714
0.0,399.375,360.0,18.62314181689015
0.0,359.4375,337.5,28.49855954775235
0.0,386.0625,360.0,17.92230810974802
0.0,359.4375,337.5,19.625872080781235
0.0,386.0625,360.0,27.62354614786812
0.0,386.0625,360.0,25.689058748591307
0.0,386.0625,360.0,16.967111916570254
0.0,399.375,360.0,28.156116160734665
0.0,386.0625,360.0,29.741985349907463
0.0,386.0625,360.0,17.337996147391223
0.0,386.0625,360.0,20.68707274969174
0.0,359.4375,337.5,27.428631218242572
0.0,386.0625,360.0,23.25917628334877
0.0,386.0625,360.0,20.691665227794086
0.0,386.0625,360.0,28.477468852904234
0.0,386.0625,360.0,22.906926194143157
0.0,386.0625,360.0,28.69509058070166
0.0,359.4375,337.5,20.989150886744863
0.0,359.4375,337.5,29.368791793579103
0.0,386.0625,360.0,14.47080173609434
0.0,359.4375,337.5,28.184875078957624
0.0,359.4375,337.5,13.097785966336696
0.0,359.4375,337.5,23.163735972430857
3.0,346.125,330.0,21.006811443224617
3.0,346.125,337.5,19.290985774274112
0.0,359.4375,337.5,27.83417502272893
0.0,359.4375,337.5,27.06893235838889
0.0,359.4375,337.5,27.263180473853552
3.0,346.125,330.0,16.275159868380207
3.0,346.125,330.0,23.330463126745208
0.0,359.4375,337.5,26.342821253611355
0.0,359.4375,337.5,24.4988668489054
3.0,359.4375,360.0,15.101765705562116
3.0,346.125,337.5,27.6390186684942
0.0,359.4375,337.5,27.94265309385493
0.0,359.4375,345.0,17.388094537283855
3.0,359.4375,360.0,20.636588173937003
0.0,359.4375,337.5,25.603906846137413
0.0,359.4375,337.5,24.92603553812325
0.0,359.4375,337.5,11.370251894904632
3.0,359.4375,360.0,20.379198592897435
3.0,359.4375,360.0,11.421681103852428
3.0,359.4375,360.0,28.69332384711685
0.0,386.0625,360.0,19.60908104873396
0.0,386.0625,360.0,27.12565238480194
0.0,386.0625,360.0,29.72533344672648
0.0,412.6875,367.5,7.370596019041963
0.0,426.0,360.0,28.304893273857324
0.0,426.0,360.0,27.735703327514152
0.0,572.4375,330.0,20.6746322804527
1.0,625.6875,292.5,12.665299775036614
1.0,625.6875,292.5,27.50146873688628
1.0,625.6875,292.5,29.70491292431249
1.0,612.375,292.5,18.806092481246832
1.0,625.6875,292.5,19.24010312021211
1.0,599.0625,292.5,13.862443235525472
0.0,399.375,390.0,29.764357742500906
0.0,399.375,382.5,13.916995155617492
0.0,399.375,375.0,16.835061270525525
1.0,665.625,150.0,24.296776884398824
1.0,665.625,142.5,26.14332284102596
1.0,599.0625,285.0,19.99563312531881
1.0,665.625,142.5,29.4779809679097
0.0,479.25,405.0,23.16258469966479
0.0,439.3125,405.0,24.7656117146906
0.0,452.625,405.0,12.1788305801802
0.0,479.25,412.5,28.661951522854785
4.0,-1.0,-1.0,22.72731903180185
4.0,-1.0,-1.0,19.73901585030684
4.0,-1.0,-1.0,21.13042076414638
4.0,-1.0,-1.0,29.364885111388045
4.0,-1.0,-1.0,27.589748987002054
4.0,-1.0,-1.0,22.36198844127871
4.0,-1.0,-1.0,1.8789352755056832
4.0,-1.0,-1.0,27.6390186684942
4.0,-1.0,-1.0,18.560756183151383
4.0,-1.0,-1.0,21.82714404662781
4.0,-1.0,-1.0,26.549756613220744
4.0,-1.0,-1.0,22.26394182281437
4.0,-1.0,-1.0,21.07870521602348
4.0,-1.0,-1.0,12.034200589902792
4.0,-1.0,-1.0,17.55049061656589
4.0,-1.0,-1.0,26.83822089697404
4.0,-1.0,-1.0,20.633238061973938
4.0,-1.0,-1.0,29.826373876436456
4.0,-1.0,-1.0,29.173910926555795
4.0,-1.0,-1.0,31.348735005045032
4.0,-1.0,-1.0,21.50814830008717
4.0,-1.0,-1.0,31.33515124801088
4.0,-1.0,-1.0,31.584090121839186
4.0,-1.0,-1.0,30.937377373242654
4.0,-1.0,-1.0,20.186565404255525
4.0,-1.0,-1.0,30.952217195905806
4.0,-1.0,-1.0,31.354124928983644
0.0,386.0625,352.5,20.00641074563077
0.0,426.0,367.5,30.062816267435025
0.0,426.0,367.5,30.333938425266325
0.0,386.0625,375.0,30.16877175820698
0.0,386.0625,375.0,19.07915410053813
3.0,372.75,375.0,18.723819132267007
3.0,346.125,375.0,27.509766111788856
3.0,359.4375,367.5,15.876029085018036
3.0,359.4375,367.5,23.74210493544133
3.0,332.8125,352.5,15.775888786916816
3.0,332.8125,352.5,26.02668255209303
3.0,332.8125,345.0,18.176753296843785
3.0,319.5,345.0,12.987914126197207
3.0,319.5,345.0,22.418044309040862
3.0,319.5,345.0,24.22408834163076
3.0,319.5,337.5,19.15294762317914
3.0,319.5,337.5,28.06831200813748
3.0,306.1875,337.5,27.31075616791577
3.0,332.8125,337.5,20.87694742815048
0.0,412.6875,390.0,27.202002710923463
1.0,599.0625,262.5,29.106897987508678
1.0,572.4375,262.5,26.785260872341784
1.0,585.75,255.0,15.508496886693388
1.0,599.0625,262.5,30.17029081937261
0.0,412.6875,390.0,21.02713677677457
3.0,332.8125,322.5,28.259885863669744
3.0,332.8125,322.5,20.23818921383663
3.0,332.8125,322.5,29.74008735606104
3.0,332.8125,322.5,13.564668443248555
3.0,332.8125,330.0,19.008424916725204
3.0,332.8125,330.0,25.68135144898697
3.0,332.8125,330.0,17.97476686780033
3.0,332.8125,330.0,30.768300823802992
3.0,332.8125,330.0,4.912174024048467
3.0,332.8125,330.0,29.869705170203677
3.0,332.8125,330.0,21.37671564505196
3.0,332.8125,330.0,10.406979167700507
3.0,332.8125,330.0,28.55988015797358
3.0,332.8125,330.0,18.352201973353168
3.0,332.8125,330.0,30.19374716549207
3.0,346.125,345.0,13.63305239276207
3.0,332.8125,330.0,16.51086276192463
3.0,332.8125,330.0,21.68630046326936
3.0,332.8125,330.0,20.41212569531976
3.0,332.8125,330.0,15.799183353674156
3.0,332.8125,330.0,28.700588476803063
3.0,332.8125,330.0,20.379990767959963
3.0,332.8125,330.0,19.15032417130856
3.0,332.8125,330.0,21.949134448328557
3.0,332.8125,330.0,4.925296858560048
3.0,332.8125,330.0,19.31746229130685
3.0,332.8125,330.0,16.108642885673028
3.0,332.8125,330.0,27.437064172172438
3.0,332.8125,330.0,28.950792741428938
3.0,332.8125,330.0,30.00303299092964
3.0,332.8125,330.0,11.261811425318712
3.0,332.8125,330.0,26.365838786530134
3.0,346.125,337.5,21.08644110401689
3.0,359.4375,352.5,17.555779718977202
0.0,426.0,397.5,28.6692002734108
1.0,692.25,150.0,16.54270659136087
1.0,692.25,142.5,27.331222061487534
1.0,692.25,142.5,19.8270060743577
1.0,692.25,142.5,29.0695775721662
1.0,692.25,135.0,27.917544712092067
1.0,692.25,142.5,28.841103501389004
1.0,692.25,135.0,19.895756448812698
1.0,692.25,142.5,26.2720342751912
1.0,692.25,142.5,18.618347108905443
1.0,692.25,142.5,20.70647709320695
1.0,692.25,142.5,28.29191034124559
1.0,692.25,142.5,20.07266601581194
3.0,-1.0,-1.0,30.001959928755877
3.0,-1.0,-1.0,17.870916063059223
1.0,692.25,135.0,30.17506600766912
1.0,692.25,135.0,23.075929379789944
1.0,692.25,135.0,29.58047294295205
3.0,-1.0,-1.0,1.8240664513954576
1.0,692.25,135.0,6.832594030954588
1.0,692.25,142.5,18.657520962612043
3.0,-1.0,-1.0,28.646095425425838
1.0,692.25,142.5,20.14835880117788
1.0,692.25,142.5,28.34218990728978
1.0,692.25,150.0,23.0053038904338
1.0,692.25,150.0,23.25363138402856
1.0,692.25,142.5,30.24207771232452
1.0,692.25,142.5,30.51556952447471
1.0,692.25,142.5,29.667303257932637
1.0,692.25,135.0,20.277129693641257
1.0,692.25,142.5,29.791418363650568
1.0,692.25,142.5,29.73903301970405
1.0,692.25,142.5,23.54287253867397
1.0,692.25,142.5,30.18331762149092
1.0,692.25,142.5,29.93579330526015
1.0,692.25,142.5,29.92191189584448
1.0,692.25,142.5,20.107018729715865
1.0,692.25,142.5,28.75627498166012
1.0,692.25,135.0,19.211021948627756
1.0,692.25,135.0,23.269499414698554
1.0,692.25,135.0,18.481099444373456
1.0,692.25,135.0,27.52005458995204
1.0,692.25,135.0,20.18559390144716
1.0,692.25,135.0,22.147555180061254
1.0,692.25,135.0,28.1323209830172
1.0,692.25,135.0,15.915427435236795
1.0,692.25,135.0,23.72088972338945
1.0,692.25,135.0,16.35505921162942
1.0,692.25,142.5,27.484348686495377
1.0,692.25,142.5,4.5023261405817605
1.0,692.25,142.5,26.605332098522663
1.0,692.25,142.5,19.562620100371262
0.0,426.0,375.0,23.902981672289595
1.0,678.9375,150.0,27.719389609617156
1.0,678.9375,150.0,23.55437498947037
0.0,412.6875,390.0,29.172896351217883
0.0,399.375,390.0,9.10439558054223
0.0,399.375,390.0,30.104244721014023
0.0,372.75,367.5,16.538662334487356
0.0,399.375,382.5,7.524144042651665
0.0,399.375,382.5,29.03637244721357
0.0,399.375,382.5,19.667284057712777
0.0,372.75,367.5,21.257540203437248
0.0,386.0625,375.0,29.27470441252425
3.0,359.4375,352.5,22.997861584182303
0.0,372.75,367.5,16.513397954282386
0.0,372.75,367.5,17.87419084024768
0.0,372.75,367.5,26.97024100414105
0.0,386.0625,382.5,29.8978102189781
0.0,372.75,367.5,17.513629075360768
0.0,372.75,367.5,28.316167535308256
0.0,386.0625,382.5,18.963048697232608
0.0,372.75,375.0,19.388004714909748
3.0,346.125,352.5,27.869499926909327
3.0,332.8125,352.5,21.14416208341105
3.0,332.8125,345.0,29.40750348811936
3.0,319.5,330.0,17.498285342389174
3.0,319.5,330.0,27.661439029215856
3.0,332.8125,330.0,19.755285827999227
3.0,332.8125,330.0,25.716622623346844
3.0,372.75,427.5,12.954058736870063
3.0,372.75,427.5,26.997322348094748
3.0,372.75,435.0,29.1443143522218
0.0,412.6875,405.0,12.450402367601615
3.0,306.1875,210.0,20.341147828785925
3.0,306.1875,240.0,29.63879192164733
0.0,412.6875,397.5,22.963487744386835
0.0,412.6875,397.5,14.972064167457932
3.0,386.0625,435.0,17.189911392716333
0.0,412.6875,397.5,25.31706816521902
3.0,386.0625,435.0,27.25503115841732
0.0,465.9375,352.5,12.126646910010844
0.0,439.3125,352.5,26.807002294472177
0.0,465.9375,352.5,25.07040603463219
0.0,465.9375,352.5,17.834214207659567
0.0,465.9375,352.5,30.298002672734498
0.0,452.625,352.5,19.211109940593698
0.0,519.1875,330.0,4.480108010416511
0.0,465.9375,352.5,19.065191501740927
0.0,452.625,352.5,26.70612655519757
0.0,452.625,375.0,26.17285059967302
0.0,452.625,352.5,24.97055426564268
0.0,479.25,352.5,16.799122055159927
0.0,452.625,352.5,17.998678304453428
1.0,692.25,150.0,27.599370932612143
1.0,692.25,150.0,16.286535265520403
0.0,452.625,352.5,29.00585054148629
0.0,412.6875,390.0,12.889765763772363
3.0,359.4375,442.5,28.677825183240344
0.0,412.6875,390.0,20.248545676616413
0.0,412.6875,390.0,27.595920784262123
0.0,452.625,352.5,19.52182897994899
0.0,452.625,352.5,26.939752845361355
0.0,412.6875,390.0,17.23115350801515
3.0,386.0625,442.5,27.484528786548367
3.0,386.0625,442.5,30.324727249065525
3.0,386.0625,442.5,17.992578706464247
3.0,386.0625,442.5,27.009665848836686
3.0,359.4375,442.5,28.59453784377088
3.0,386.0625,442.5,29.41472172351885
3.0,386.0625,442.5,13.910441029178632
3.0,386.0625,442.5,1.889492946224081
0.0,426.0,405.0,25.6295653555432
0.0,426.0,412.5,29.72259504659321
0.0,412.6875,397.5,23.193452775934528
0.0,426.0,435.0,29.988231508955064
0.0,399.375,442.5,30.16877175820698
0.0,399.375,412.5,20.502725188563492
0.0,426.0,435.0,29.1240773530535
0.0,426.0,412.5,30.61178256553979
0.0,426.0,412.5,30.73132917652748
0.0,426.0,412.5,20.442170007651857
0.0,426.0,412.5,29.177158041919125
0.0,426.0,412.5,29.38792898081585
0.0,399.375,412.5,27.60918132927849
0.0,426.0,412.5,15.2051825830986
0.0,426.0,412.5,10.502327421507427
3.0,386.0625,442.5,28.118741787562683
3.0,386.0625,442.5,20.228136001929105
1.0,692.25,150.0,20.86002317612362
1.0,692.25,150.0,19.85121659165022
1.0,692.25,150.0,24.846006208089477
1.0,692.25,150.0,10.502353718875824
1.0,692.25,150.0,27.779791236157475
1.0,692.25,150.0,26.360701895520137
1.0,692.25,150.0,27.80741742577933
3.0,386.0625,442.5,15.813717801773542
3.0,386.0625,442.5,17.87038307336381
3.0,386.0625,442.5,27.370638406170677
3.0,386.0625,442.5,24.00489907112238
3.0,386.0625,442.5,29.014478517421956
3.0,386.0625,442.5,4.574115696891376
0.0,399.375,442.5,30.469902799773344
0.0,399.375,442.5,19.055144152575483
3.0,386.0625,442.5,27.2251330650396
3.0,386.0625,442.5,27.05095064881459
3.0,386.0625,442.5,26.83427167570888
3.0,359.4375,442.5,19.631475483496526
0.0,412.6875,397.5,18.97480162500113
0.0,426.0,405.0,24.4732791467065
0.0,426.0,405.0,19.095136419716557
1.0,678.9375,150.0,26.7238228735266
1.0,665.625,150.0,27.32445602605863
0.0,426.0,412.5,26.854545221722816
0.0,426.0,412.5,19.86381439051304
3.0,386.0625,442.5,27.577594992471614
3.0,386.0625,442.5,28.55152039100631
3.0,386.0625,442.5,16.43078923967078
3.0,386.0625,442.5,28.45505797111281
3.0,386.0625,442.5,21.595745009499584
1.0,692.25,150.0,20.92162193169291
1.0,692.25,150.0,18.314138503187493
0.0,426.0,412.5,28.96098766796017
0.0,426.0,412.5,29.001438212191616
0.0,426.0,412.5,22.430992528892386
0.0,426.0,412.5,19.899815439505435
0.0,426.0,405.0,28.20743131914321
0.0,426.0,405.0,17.700099170763615
0.0,426.0,405.0,19.36705622688381
0.0,426.0,405.0,29.861198917841374
0.0,426.0,412.5,19.446433456197692
0.0,426.0,405.0,22.51685151980416
0.0,426.0,405.0,4.597731993795595
0.0,426.0,412.5,18.321578494454563
3.0,386.0625,442.5,26.96122595906613
0.0,426.0,412.5,21.260772814136324
3.0,386.0625,442.5,17.13989620366965
3.0,386.0625,442.5,27.244762876017383
0.0,426.0,412.5,26.613097466418782
0.0,426.0,412.5,16.27983449646403
0.0,426.0,412.5,28.426130626020832
0.0,426.0,412.5,29.818104263381272
0.0,426.0,412.5,24.74442641809976
0.0,426.0,412.5,15.97112155297809
3.0,386.0625,442.5,26.743247723736896
3.0,386.0625,442.5,27.9123426966666
3.0,386.0625,442.5,16.66827217307677
3.0,386.0625,442.5,18.308142910146447
3.0,386.0625,442.5,12.712400511611271
3.0,386.0625,442.5,30.306759637270133
3.0,386.0625,442.5,17.287971840042207
3.0,386.0625,442.5,27.621363187355943
3.0,386.0625,442.5,27.94153620678169
3.0,359.4375,442.5,28.014132953961035
3.0,359.4375,442.5,15.610371919743049
3.0,359.4375,442.5,27.39817228112119
0.0,426.0,412.5,27.004275045068248
3.0,386.0625,442.5,28.442515562909417
3.0,386.0625,442.5,20.34035867045576
3.0,386.0625,442.5,24.490427004081443
3.0,386.0625,442.5,28.00926896699099
3.0,386.0625,442.5,20.460917796391065
0.0,426.0,412.5,27.7371706697704
3.0,386.0625,442.5,26.63337630093407
3.0,386.0625,442.5,24.324535611345983
3.0,386.0625,442.5,19.786039446559396
3.0,386.0625,442.5,26.77739472407365
0.0,426.0,412.5,29.357485826275635
0.0,412.6875,397.5,16.739318183632257
3.0,386.0625,442.5,16.130263395724292
3.0,386.0625,442.5,29.715856518381543
3.0,386.0625,442.5,18.01893698554809
0.0,399.375,442.5,16.983463176819292
3.0,386.0625,442.5,1.8412261659924627
3.0,386.0625,442.5,31.01745252322073
3.0,359.4375,442.5,29.75380053487696
3.0,359.4375,450.0,24.52823700723396
3.0,359.4375,442.5,30.3216581000094
3.0,359.4375,442.5,30.391745406063414
3.0,359.4375,450.0,30.40628670020733
3.0,359.4375,442.5,20.448448682696625
3.0,359.4375,442.5,31.01355358212377
3.0,359.4375,442.5,29.494564223731768
3.0,359.4375,442.5,22.73335501355013
3.0,386.0625,442.5,28.70569555278755
3.0,359.4375,450.0,18.70511476901259
3.0,292.875,187.5,22.192084656084656
0.0,306.1875,187.5,19.214718305342533
3.0,306.1875,210.0,20.63171564335396
3.0,279.5625,210.0,29.88077054599339
3.0,306.1875,240.0,18.875406147338104
3.0,306.1875,270.0,19.74180308578637
3.0,306.1875,307.5,27.503813139758293
0.0,386.0625,427.5,28.85697773619176
3.0,359.4375,427.5,22.254137197370447
3.0,306.1875,315.0,24.448314855617344
3.0,306.1875,315.0,13.3981491833599
3.0,306.1875,315.0,19.432198403469187
3.0,306.1875,315.0,13.344524019356747
3.0,306.1875,307.5,14.188064487758016
3.0,306.1875,307.5,24.99108632441966
3.0,306.1875,315.0,28.401107793148743
3.0,306.1875,315.0,17.282273150551724
3.0,306.1875,315.0,28.18506447689382
3.0,306.1875,307.5,22.36485016529807
3.0,306.1875,315.0,23.10707596024593
3.0,306.1875,315.0,15.734166626027392
3.0,306.1875,315.0,21.68831894100005
3.0,306.1875,315.0,28.8446736813149
3.0,306.1875,315.0,17.934492961841723
3.0,306.1875,315.0,24.96505502746909
3.0,306.1875,315.0,22.49921682222937
3.0,319.5,315.0,19.768786998981938
0.0,426.0,405.0,29.425865383266217
1.0,599.0625,255.0,23.59120540409807
1.0,692.25,150.0,18.369321864653223
1.0,692.25,150.0,16.75074981529184
1.0,692.25,150.0,20.651321263804707
1.0,692.25,150.0,19.473248277527063
1.0,692.25,150.0,28.0426024109274
1.0,692.25,150.0,12.619002346711596
1.0,692.25,150.0,25.71883028887131
1.0,692.25,150.0,28.94619737750173
1.0,692.25,150.0,13.67924909822646
1.0,692.25,150.0,27.487410708434368
1.0,692.25,150.0,28.904107889822274
1.0,572.4375,262.5,26.059670705187948
1.0,692.25,150.0,4.335605726223345
1.0,585.75,255.0,19.15915932376815
1.0,692.25,150.0,29.26040852773747
1.0,599.0625,262.5,28.56085254162269
1.0,692.25,150.0,16.123442647528034
1.0,572.4375,232.5,28.44772414354411
1.0,585.75,247.5,28.154793150436657
1.0,572.4375,232.5,19.404778207524476
1.0,585.75,240.0,29.29105968127156
1.0,585.75,240.0,24.53526762211173
1.0,585.75,232.5,23.61817239903597
1.0,585.75,232.5,20.0094649263415
1.0,585.75,225.0,22.7682787147766
1.0,585.75,225.0,29.232469804364342
1.0,585.75,225.0,27.102865820167363
1.0,585.75,225.0,19.513927207254152
1.0,585.75,225.0,17.89600249177586
1.0,572.4375,232.5,25.00673117625665
1.0,572.4375,232.5,20.671881083691886
1.0,572.4375,232.5,28.999633555274382
1.0,572.4375,232.5,16.005678283998154
1.0,572.4375,232.5,13.552834127143123
1.0,692.25,150.0,16.256551178843985
1.0,692.25,150.0,19.59543086734098
1.0,585.75,232.5,30.52667433295972
1.0,692.25,150.0,28.39630075961708
1.0,585.75,232.5,19.706000638965627
1.0,599.0625,247.5,27.257510869070757
1.0,599.0625,247.5,29.032151781326355
1.0,599.0625,247.5,15.06758727718184
1.0,599.0625,247.5,25.468646203357928
1.0,585.75,232.5,28.03023356834965
1.0,585.75,232.5,27.40730285684414
1.0,585.75,232.5,17.42551485465249
1.0,585.75,232.5,30.247093777944443
1.0,585.75,232.5,19.567365828170487
1.0,585.75,232.5,30.789306006195588
1.0,678.9375,150.0,13.46533585455666
1.0,678.9375,142.5,22.516609761858746
1.0,678.9375,142.5,25.97639131458016
1.0,678.9375,142.5,19.931684043453053
1.0,678.9375,142.5,26.98742093850737
1.0,678.9375,142.5,29.750845858661805
1.0,585.75,225.0,24.92440620153196
1.0,585.75,232.5,17.05396778928451
1.0,585.75,232.5,24.9258874078124
1.0,585.75,232.5,19.409088385006942
1.0,585.75,232.5,22.166165489031343
